rid,singer,title,top1_word,top3_words,top1_match,top3_match
228908,周杰伦,晴天,好,好、si、一天,0,0
324244,周杰伦,青花瓷,等,等、天、青色,0,0
440613,周杰伦,稻香,继续,继续、笑、梦,0,0
94237,周杰伦,七里香,像,像、爱、整夜,0,0
440616,周杰伦,兰亭序,等,等、无关、风月,0,0
440615,周杰伦,花海,爱,爱、离开、喜欢,0,0
7149583,周杰伦,告白气球,亲爱,亲爱、说、拥有,0,0
118980,周杰伦,夜曲,爱情,爱情、失去、为,0,0
94239,周杰伦,搁浅,读着,读着、原谅、会,0,0
3195905,周杰伦,红尘客栈,为,为、红尘、只求,0,1
324243,周杰伦,蒲公英的约定,一起,一起、长大、约定,0,1
118987,周杰伦,枫,爱,爱、像、枫叶,0,0
440623,周杰伦,说好的幸福呢,说好,说好、幸福、爱,1,1
728677,周杰伦,烟花易冷,等,等、雨、纷纷,0,0
6871880,周杰伦,一路向北,泪,泪、一路、向北,0,1
550531860,周杰伦,那天下雨了,出现,出现、离开、彩虹,0,0
440614,周杰伦,给我一首歌的时间,说,说、能、不该,0,0
588552,周杰伦,爱在西元前,爱,爱、西元前、写,1,1
138246,周杰伦,退后,错,错、回忆、爱情,0,0
118990,周杰伦,发如雪,儿,儿、爱、发如雪,0,1
156522,周杰伦,简单爱,想,想、爱、牵着,0,1
3197116,周杰伦,明明就,明明,明明、多、为,1,1
728675,周杰伦,说了再见,不到,不到、说、飘,0,1
235498,周杰伦,半岛铁盒,铁盒,铁盒、样子、走,1,1
138243,周杰伦,听妈妈的话,妈妈,妈妈、长大、别人,1,1
93157,林俊杰,江南,懂,懂、温柔、多,0,0
93151,林俊杰,美人鱼,为,为、抬头、看见,0,0
27352695,林俊杰,街道,get,get、down、街道,0,1
442546,林俊杰,Always Online,one,one、always、online,0,1
992040,林俊杰,背对背拥抱,想,想、拥抱、背对背,0,1
3244328,林俊杰,修炼爱情,几年,几年、别、修炼,0,1
125802,林俊杰,曹操,三国,三国、英雄、独自,0,0
106364,林俊杰,一千年以后,一千年,一千年、以后、缠绕,1,1
197473430,林俊杰,可惜没如果,该,该、沉默、时,0,0
6802907,林俊杰,关键词,爱,爱、落叶、位置,0,0
908195,林俊杰,当你,当,当、想、说,1,1
1120967,林俊杰,那些你很冒险的梦,当,当、爱、不想,0,0
442549,林俊杰,不潮不用花钱,抠,抠、what、see,0,0
27783249,林俊杰,小酒窝,合,合、女、小,0,1
441757,林俊杰,我还想她,告诉,告诉、想、泪水,0,1
270880103,林俊杰,愿与愁,多久,多久、挥手、林俊杰,0,0
6182865,林俊杰,可惜没如果,该,该、沉默、时,0,0
6192858,林俊杰,手心的蔷薇,蔷薇,蔷薇、陪、盼,1,1
438658,林俊杰,醉赤壁,眼神,眼神、确认、遇上,0,0
3209103,林俊杰,江南,懂,懂、温柔、以为,0,0
260712441,林俊杰,达尔文,人,人、进化、成,0,0
891712,林俊杰,她说,等,等、不到、天黑,0,0
41212233,林俊杰,飞云之下,女,女、之下、男,0,1
908202,林俊杰,心墙,一道,一道、墙、窗,0,1
3209099,林俊杰,不潮不用花钱,抠,抠、what、see,0,0
321260769,G.E.M. 邓紫棋,唯一,真的,真的、爱、唯一,0,1
5245130,G.E.M. 邓紫棋,喜欢你,愿,愿、双眼、喜欢,0,1
39515638,G.E.M. 邓紫棋,桃花诺,忘,忘、一、爱,0,0
1245657,G.E.M. 邓紫棋,泡沫,泡沫,泡沫、难过、看破,1,1
15195332,G.E.M. 邓紫棋,光年之外,以外,以外、疯狂、根本,0,0
6307329,G.E.M. 邓紫棋,多远都要在一起,爱,爱、想、远距离,0,0
5746578,G.E.M. 邓紫棋,龙卷风,想,想、离开、不知不觉,0,0
51648461,G.E.M. 邓紫棋,倒数,一直,一直、倒数、剩下,0,1
6691107,G.E.M. 邓紫棋,来自天堂的魔鬼,away,away、took、heart,0,0
6683124,G.E.M. 邓紫棋,再见,再见,再见、说、就算,1,1
321271232,G.E.M. 邓紫棋,唯一 (Live),说,说、真的、爱,0,0
83765010,G.E.M. 邓紫棋,句号,慢慢,慢慢、会、多少,0,0
22837411,G.E.M. 邓紫棋,写不完的温柔,颤抖,颤抖、温柔、一直,0,1
157537198,G.E.M. 邓紫棋,泡沫 (3D环绕版),泡沫,泡沫、难过、看破,1,1
889558,G.E.M. 邓紫棋,我的秘密,秘密,秘密、心里、好像,1,1
442262,G.E.M. 邓紫棋,Where Did U Go (Album Version),where,where、did、go,1,1
6488737,G.E.M. 邓紫棋,你不是真正的快乐,快乐,快乐、我要、决定,1,1
557982910,G.E.M. 邓紫棋,让你知道,你别,你别、靠近、没说的,0,0
7087465,G.E.M. 邓紫棋,画 (Live Piano Session Ⅱ),像,像、等待、爱情,0,0
478175183,G.E.M. 邓紫棋,光年之外 (G.E.M.重生版),以外,以外、疯狂、根本,0,0
727161,G.E.M. 邓紫棋,A.I.N.Y.,爱,爱、曾经、心,0,0
319933051,G.E.M. 邓紫棋,海阔天空,怕,怕、一天、会,0,0
7187128,G.E.M. 邓紫棋,红蔷薇白玫瑰,爱,爱、月亮、死去,0,0
4836506,G.E.M. 邓紫棋,后会无期,当,当、人成、谜,0,0
80403,陈奕迅,十年,朋友,朋友、一边、十年,0,1
198554068,陈奕迅,孤勇者,爱,爱、说、战,0,0
317730,陈奕迅,富士山下,里,里、拥有、要,0,0
239082,陈奕迅,爱情转移,人,人、爱情、等,0,1
110247,陈奕迅,浮夸,怕,怕、似、有人,0,0
1038994,陈奕迅,好久不见,说,说、寒暄、一句,0,0
941528,陈奕迅,因为爱情,男,男、爱情、女,0,1
236687,陈奕迅,淘汰,说,说、只能、完美,0,0
391611,陈奕迅,不要说话,愿意,愿意、用、一支,0,0
320058,陈奕迅,单车,难离,难离、难舍、想,0,0
1037667,陈奕迅,红玫瑰,梦,梦、终于、红,0,1
1038144,陈奕迅,十年,朋友,朋友、一边、十年,0,1
4148191,陈奕迅,阴天快乐,阴天,阴天、说、久,1,1
231144,陈奕迅,最佳损友,朋友,朋友、有没有、变,0,0
6655007,陈奕迅,陪你度过漫长岁月,陪,陪、陪伴、漫长,1,1
1104619,陈奕迅,孤独患者,孤独,孤独、患者、声嘶力竭,1,1
28423286,陈奕迅,富士山下,里,里、拥有、要,0,0
387111,陈奕迅,富士山下,里,里、拥有、要,0,0
3236471,陈奕迅,稳稳的幸福,幸福,幸福、我要、能,1,1
124335,陈奕迅,最佳损友,朋友,朋友、有没有、变,0,0
125120,陈奕迅,K歌之王,人,人、爱、如,0,0
110246,陈奕迅,葡萄成熟时,熟透,熟透、要、静候,0,0
293133,陈奕迅,十面埋伏,会面,会面、一点点、先,0,0
665155,陈奕迅,一丝不挂,等,等、一、其实,0,1
200677874,陈奕迅,孤勇者(热血epic版),爱,爱、战、孤身,0,0
5886682,BEYOND,海阔天空,怕,怕、一天、会,0,0
1033391,BEYOND,真的爱你,爱,爱、温馨、多么,1,1
1106172,BEYOND,光辉岁月,一生,一生、中、残留,0,0
1218733,BEYOND,灰色轨迹,已,已、背上、一身,0,0
174206,BEYOND,不再犹豫,ho,ho、梦想、心底,0,0
4837187,BEYOND,光辉岁月,一生,一生、中、残留,0,0
5062432,BEYOND,情人,盼望,盼望、缘、情是,0,0
19534406,BEYOND,光辉岁月,一生,一生、中、残留,0,0
102861,BEYOND,大地,日落,日落、时、回望,0,0
174051,BEYOND,喜欢你,should,should、愿、双眼,0,0
174250,BEYOND,海阔天空,怕,怕、一天、会,0,0
93385,BEYOND,不再犹豫,wo,wo、梦想、心底,0,0
81190066,BEYOND,AMANI,nakupenda,nakupenda、amani、呼叫,0,1
155169760,BEYOND,海阔天空 (chunk 1),怕,怕、一天、会,0,0
68775530,BEYOND,冷雨夜,望,望、冷雨夜、只,0,1
363246,BEYOND,逝去日子,逝去,逝去、日子、多少,1,1
1106150,BEYOND,午夜怨曲,彼此,彼此、总有、挫折,0,0
378414277,BEYOND,灰色軌跡 (Grey Trail),已,已、背上、一身,0,0
174205,BEYOND,谁伴我闯荡,几多,几多、淡忘、从前,0,0
174183,BEYOND,无悔这一生,泪光,泪光、风里、劲,0,0
21120764,BEYOND,光辉岁月,一生,一生、中、残留,0,0
79376,BEYOND,无尽空虚,无尽,无尽、空虚、似,1,1
174172,BEYOND,谁伴我闯荡,几多,几多、淡忘、从前,0,0
21765238,BEYOND,海阔天空,会,会、怕、一天,0,0
332301462,BEYOND,海阔天空 (Edit),会,会、怕、一天,0,0
157908,张学友,吻别,吻别,吻别、冷得、连,1,1
157606,张学友,一路上有你,一路上,一路上、一点、愿意,1,1
157767,张学友,等你等到我心痛,等,等、等到、心碎,1,1
4076579,张学友,旧情绵绵,暖,暖、盼望、中,0,0
357996004,张学友,一千个伤心的理由,伤心,伤心、理由、一千个,1,1
377528,张学友,等你等到我心痛,等,等、等到、心碎,1,1
328049,张学友,我等到花儿也谢了,知不知道,知不知道、等到、会,0,1
157612,张学友,如果这都不算爱,爱,爱、不算、好,1,1
157938,张学友,偷心,心,心、留不住、慢慢,1,1
158181,张学友,祝福,再见,再见、说、有缘,0,0
157761,张学友,只想一生跟你走,一生,一生、但求、未,1,1
158082,张学友,忘情冷雨夜,中,中、望、只,0,0
54272,张学友,只想一生跟你走,一生,一生、但求、未,1,1
25251970,张学友,遥远的她,遥远,遥远、说话、热情,1,1
328050,张学友,一千个伤心的理由,伤心,伤心、理由、一千个,1,1
122173,张学友,一千个伤心的理由 (Live),伤心,伤心、理由、一千个,1,1
225689,张学友,烦恼歌,烦恼,烦恼、啊啊啊、除了,1,1
158039,张学友,如果这都不算爱,爱,爱、不算、好,1,1
99018,张学友,忘记你我做不到,忘记,忘记、做、不到,1,1
158205,张学友,情系半生,未泯,未泯、爱、心,0,0
99011,张学友,心如刀割,真的,真的、说、为,0,0
158190,张学友,相思风雨中,男,男、女、合,0,0
99020,张学友,情书,人,人、爱、情书,0,1
237807,张学友,想和你去吹吹风,吹,吹、吹风、说,1,1
157907,张学友,情网,网,网、越、情愿,1,1
201182467,王力宏,天地龙鳞,音乐,音乐、鳞、北京,0,1
102428,王力宏,爱错,从来,从来、哪里、爱错,0,1
271333,王力宏,我们的歌,一直,一直、爱、唱,0,0
3307158,王力宏,你不知道的事,飞行,飞行、坠落、之际,0,0
844993,王力宏,需要人陪,需要,需要、天、陪,1,1
123002,王力宏,大城小爱,小小的,小小的、爱、大,0,1
36878203,王力宏,缘分一道桥,男,男、女、缘分,0,1
1172909,王力宏,大城小爱,小小的,小小的、爱、大,0,1
152718,王力宏,花田错,犯了错,犯了错、田里、花,0,1
459553,王力宏,心跳,带走,带走、心跳、眼神,0,1
269038,王力宏,好心分手,女,女、男、是否,0,0
271337,王力宏,改变自己,改变,改变、世界、努力,1,1
102433,王力宏,心中的日月,日月,日月、为、心中,1,1
1094546,王力宏,爱错,从来,从来、哪里、爱错,0,1
3138971,王力宏,龙的传人,巨龙,巨龙、擦亮、眼,0,0
41224784,王力宏,唯一,唯一,唯一、爱、逃避,1,1
23543604,王力宏,我们的歌,一直,一直、爱、唱,0,0
1094249,王力宏,依然爱你,依然,依然、爱、每个,1,1
271374,王力宏,你是我心内的一首歌,一首歌,一首歌、男、女,1,1
3424900,王力宏,好心分手 (合唱版),女,女、男、是否,0,0
373778,王力宏,爱的就是你,爱,爱、唯一、真的,1,1
6247223,王力宏,爱一点,爱,爱、我会、一直,1,1
562768,王力宏,爱错 (Live),从来,从来、哪里、爱错,0,1
459547,王力宏,春雨里洗过的太阳,每个,每个、之后、春雨,0,1
228429,王力宏,好心分手,女,女、男、是否,0,0
149073,刘德华,暗里着迷 (粤),着迷,着迷、暗里、寂寞,1,1
51525519,刘德华,暗里着迷 (Radio Edit),着迷,着迷、暗里、寂寞,1,1
325771,刘德华,忘情水,就算,就算、我会、流泪,0,0
79245,刘德华,17岁,情歌,情歌、唱、一遍,0,0
107200,刘德华,一起走过的日子,有情,有情、明白、日子,0,1
45851778,刘德华,来生缘,痛,痛、痛苦、悲痛,0,0
626867,刘德华,来生缘,痛,痛、痛苦、悲痛,0,0
148993,刘德华,一起走过的日子,有情,有情、明白、日子,0,1
148747,刘德华,世界第一等,人生,人生、呒、好,0,0
329669,刘德华,今天,好久,好久、终于、梦,0,0
92088,刘德华,练习,拥有,拥有、开始、练习,0,1
327687,刘德华,冰雨,爱,爱、会、等待,0,0
359900,刘德华,恭喜发财,恭喜,恭喜、请、我祝,1,1
28532548,刘德华,练习,拥有,拥有、开始、练习,0,1
325760,刘德华,情感的禁区,知,知、跟、但愿,0,0
22857473,刘德华,忘情水 (98新编重唱版),忘情水,忘情水、啊哈、一杯,1,1
1226269,刘德华,独自去偷欢 (Original Mix),管,管、独自、偷欢,0,1
22818759,刘德华,谢谢你的爱,爱,爱、人、不敢,1,1
981432,刘德华,天意,一切都是,一切都是、多、无情,0,0
10642943,刘德华,17岁,唱,唱、歌、一遍,0,0
1967707,刘德华,17岁,情歌,情歌、唱、一遍,0,0
22815190,刘德华,开心的马骝,go,go、七彩、雨褛,0,0
540927,刘德华,无间道,刘,刘、梁、明明,0,0
56183,刘德华,今天,好久,好久、终于、梦,0,0
148946,刘德华,男人哭吧不是罪,哭,哭、流泪、后悔,1,1
1044318,周传雄,黄昏,黄昏,黄昏、依然、记得,1,1
320462,周传雄,青花,信物,信物、紧、紧握着,0,0
492209,周传雄,冬天的秘密,秘密,秘密、说、这个,1,1
111658,周传雄,寂寞沙洲冷,当,当、一夜、仍然,0,0
492211,周传雄,关不上的窗,窗,窗、听见、寒风,1,1
4278514,周传雄,关不上的窗,窗,窗、听见、寒风,1,1
600825110,周传雄,烟雨平生,残垣断壁,残垣断壁、生、梧桐,0,1
156306,周传雄,男人海洋,爱,爱、男人、像,0,1
156404,周传雄,我的心太乱,心太乱,心太乱、哭、要,1,1
51498063,周传雄,蓝色土耳其,爱情,爱情、贪恋着、风情,0,0
92041,周传雄,黄昏,黄昏,黄昏、依然、记得,1,1
286264018,周传雄,黄昏 (3D环绕版),黄昏,黄昏、依然、记得,1,1
320463,周传雄,弱水三千,化成,化成、烟、爱,0,0
6874743,周传雄,黄昏,黄昏,黄昏、依然、记得,1,1
5052923,周传雄,花香,花香,花香、记忆、阵阵,1,1
38837136,周传雄,寂寞沙洲冷 (Live),当,当、仍然、捡,0,0
156408,周传雄,暖风,暖风,暖风、说、心中,1,1
1044316,周传雄,记事本,痛,痛、哭、爱,0,0
1033999,周传雄,花香,花香,花香、记忆、阵阵,1,1
22831436,周传雄,黄昏 (Live),黄昏,黄昏、依然、记得,1,1
1033996,周传雄,有没有一首歌会让你想起我,有没有,有没有、一首歌、会,1,1
1044312,周传雄,出卖,出卖,出卖、爱情、多年,1,1
171422611,周传雄,男人海洋,爱,爱、男人、像,0,1
156365,周传雄,吉普赛情人,看见,看见、情人、是否,0,1
6749354,周传雄,关不上的窗 (Live),窗,窗、听见、寒风,1,1
203164,刀郎,西海情歌,等待,等待、不到、高原,0,0
288010178,刀郎,罗刹海市,驴,驴、刀郎、鸡,0,0
90515,刀郎,冲动的惩罚,相信,相信、爱、手中,0,0
125223,刀郎,2002年的第一场雪,年,年、第一场、雪,1,1
102868,刀郎,喀什噶尔胡杨,中,中、会、应该,0,0
553695612,刀郎,大江南,难,难、江南、竹笛,0,1
143634,刀郎,冲动的惩罚,相信,相信、爱、火,0,0
288010103,刀郎,花妖,刀郎,刀郎、by、制作,0,0
295234,刀郎,西海情歌 (Live),等待,等待、不到、高原,0,0
129386,刀郎,披着羊皮的狼,为,为、确定、爱,0,0
981274,刀郎,谢谢你,谢谢,谢谢、爱、说,1,1
90519,刀郎,情人,来来来,来来来、情人、像,0,1
288010079,刀郎,翩翩,刀郎,刀郎、by、制作,0,0
90516,刀郎,驼铃,战友,战友、亲爱、弟兄,0,0
288010051,刀郎,颠倒歌,刀郎,刀郎、by、瞎,0,0
15890524,刀郎,守候在凌晨两点的伤心秀吧,守候,守候、凌晨、两点,1,1
376964,刀郎,我的祖国,地方,地方、这是、祖国,0,1
90517,刀郎,雨中飘荡的回忆,小雨,小雨、今夜、滴滴,0,0
589505,刀郎,喀什噶尔胡杨 (Demo珍藏版),中,中、会、应该,0,0
1084311,刀郎,黄玫瑰,别,别、哪里、伤悲,0,0
376966,刀郎,映山红,呦,呦、岭上、开遍,0,0
143640,刀郎,情人,情人,情人、像、用,1,1
6006093,刀郎,永远的兄弟,日子,日子、一起、曾经,0,0
550484912,刀郎,鸿雁于飞,鸿雁,鸿雁、那些、念白,1,1
288010113,刀郎,镜听,刀郎,刀郎、更鼓、by,0,0
77861,王杰,忘了你忘了我,当,当、忘、从来,0,1
312328,王杰,不浪漫罪名,为何,为何、浪漫、亦,0,1
71743,王杰,我是真的爱上你,总是,总是、爱上你、只能,0,1
152958,王杰,谁明浪子心,幸福,幸福、要、听说,0,0
77852,王杰,一场游戏一场梦,一场,一场、说、如今,1,1
78721,王杰,为了爱梦一生,爱,爱、一生、爱梦,1,1
216456,王杰,伤心1999,忘,忘、要、多,0,0
78024,王杰,英雄泪,泪,泪、也好、在乎,1,1
77845,王杰,安妮,安妮,安妮、爱、忘记,1,1
77871,王杰,是否我真的一无所有,是否,是否、真的、一无所有,1,1
77872,王杰,她的背影,风儿,风儿、感觉、只好,0,0
59147135,王杰,忘了你忘了我,当,当、忘、从来,0,1
391758421,王杰,忘了你，忘了我,当,当、忘、从来,0,1
51556875,王杰,祈祷,叫,叫、女、男,0,0
7082157,王杰,一场游戏一场梦,一场,一场、说、如今,1,1
237848,王杰,一场游戏一场梦,一场,一场、说、如今,1,1
86752,王杰,谁明浪子心,幸福,幸福、要、听说,0,0
1690909,王杰,忘了你，忘了我,当,当、忘、从来,0,1
329097,王杰,封锁我一生,爱,爱、一生、封锁,0,1
78694,王杰,忘了你忘了我,当,当、忘、从来,0,1
145584145,王杰,伤心1999 (3D环绕版),忘,忘、要、多,0,0
87006,王杰,我是真的爱上你,偷偷,偷偷、爱上你、总是,0,1
152964,王杰,一无所有 (是否我真的一无所有),是否,是否、真的、一无所有,1,1
77851,王杰,一场游戏一场梦 II,说,说、一场、如今,0,1
78036,王杰,红尘有你,梦,梦、红尘、走过,0,1
61997,任贤齐,伤心太平洋,一波,一波、深深、或者,0,0
324884,任贤齐,心太软,心,心、太软、总是,1,1
1027368,任贤齐,天涯,梦,梦、也罢、天涯,0,1
61990,任贤齐,我是一只鱼,鱼,鱼、需要、像,1,1
401023,任贤齐,伤心太平洋 (Live),一波,一波、深深、或者,0,0
237413,任贤齐,还有我,就算,就算、全世界、为,0,0
38044116,任贤齐,流着泪的你的脸,脸,脸、流着泪、说,1,1
1027367,任贤齐,死不了,痛快,痛快、死不了、一生,0,1
151087,任贤齐,心太软,心,心、太软、总是,1,1
62019,任贤齐,橘子香水,橘子,橘子、哭、香水,1,1
51450795,任贤齐,天涯 (Live),也罢,也罢、天涯、梦,0,1
62008,任贤齐,花太香,江湖,江湖、一句、话,0,0
665163,任贤齐,兄弟,来世,来世、今生、人,0,0
62020,任贤齐,流着泪的你的脸,流着泪,流着泪、脸、说,1,1
38048760,任贤齐,兄弟 (Live),今生,今生、来世、人,0,0
61987,任贤齐,沧海一声笑,潮,潮、笑、沧海笑,0,1
28680848,任贤齐,浪花一朵朵,一天,一天、陪、慢慢,0,0
62021,任贤齐,春天花会开,爱,爱、等待、鸟儿,0,0
324875,任贤齐,只爱你一个人,爱,爱、想、人,1,1
74659,任贤齐,伤心太平洋,一波,一波、深深、或者,0,0
223322,任贤齐,花好月圆夜,花好月圆,花好月圆、夜、明月,1,1
151075,任贤齐,天涯,梦,梦、也罢、天涯,0,1
264325284,任贤齐,伤心太平洋 (Live),一波,一波、深深、或者,0,0
67901186,任贤齐,心太软,心,心、太软、总是,1,1
324879,任贤齐,哭个痛快,crying,crying、night、一次,0,0
140897945,张韶涵,破茧,会,会、不曾、退后,0,0
389528329,张韶涵,暮色回响,弦乐,弦乐、走、可不可以,0,0
291598,张韶涵,隐形的翅膀,隐形,隐形、翅膀、会,1,1
218798912,张韶涵,篇章,别,别、刘涛、以,0,0
40098317,张韶涵,阿刁 (Live),阿刁,阿刁、平凡、阿,1,1
443562738,张韶涵,无名的人,人,人、无名、敬,1,1
324865,张韶涵,快乐崇拜,快乐,快乐、男、请,1,1
4597352,张韶涵,淋雨一直走,梦,梦、人、应该,0,0
344896,张韶涵,亲爱的，那不是爱情,爱情,爱情、错、像,1,1
222675197,张韶涵,一路生花 (Live),一路,一路、生花、风沙,1,1
2863563,张韶涵,有形的翅膀,翅膀,翅膀、带、真实,1,1
100101,张韶涵,欧若拉,爱,爱、未来、一,0,0
109992,张韶涵,如果的事,爱,爱、张韶涵、范玮琪,0,0
618486778,张韶涵,遗忘之海（Sea of Remnants）,tell,tell、story、听,0,0
447376808,张韶涵,大小孩,问,问、不再、有多美,0,0
85412,张韶涵,寓言,高,高、世界、每,0,0
512915150,张韶涵,昔涟,hoyo,hoyo、mix、vocal,0,0
90460991,张韶涵,黎明前的黑暗 (Live),风,风、落寞、过错,0,0
85404,张韶涵,遗失的美好,寻找,寻找、遗失、美好,0,1
86767608,张韶涵,红红的太阳,红红的,红红的、太阳、闪着,1,1
123122,张韶涵,香水百合,爱,爱、暖、love,0,0
45813753,张韶涵,快乐崇拜,快乐,快乐、男、合,1,1
384351210,张韶涵,稻香 (Live),最初,最初、美好、梦,0,0
278825068,张韶涵,明天会更好 (Live),牛班,牛班、newband、笑容,0,0
154379563,张韶涵,隐形的翅膀 (3D环绕版),隐形,隐形、翅膀、会,1,1
40831785,张信哲,过火,忍心,忍心、自由、火,0,1
51386354,张信哲,爱如潮水,潮水,潮水、不愿、深夜里,1,1
78988,张信哲,别怕我伤心,是否,是否、爱、一颗,0,0
993960,张信哲,爱就一个字,为,为、看、爱,0,1
322009,张信哲,信仰,多么,多么、信仰、想,0,1
40830819,张信哲,过火,忍心,忍心、自由、火,0,1
4078945,张信哲,别怕我伤心,是否,是否、爱、一颗,0,0
108414,张信哲,太想爱你,爱,爱、太想、不了,1,1
1024574,张信哲,有一点动心,动心,动心、一点点、男,1,1
4826617,张信哲,爱如潮水,潮水,潮水、不愿、深夜里,1,1
108524,张信哲,不要对他说,说,说、别说、当,1,1
110919,张信哲,信仰,多么,多么、信仰、想,0,1
168540310,张信哲,有一点动心,动心,动心、一点点、by,1,1
994137,张信哲,宽容,说,说、找个、地方,0,0
4826628,张信哲,别怕我伤心,是否,是否、爱、一颗,0,0
40969594,张信哲,有一点动心,动心,动心、一点点、张,1,1
22837975,张信哲,难以抗拒你容颜,难以,难以、容颜、抗拒,1,1
1025738,张信哲,从开始到现在,人,人、爱、难道,0,0
6906501,张信哲,信仰 (Live),多么,多么、信仰、想,0,1
1062369,张信哲,信仰,多么,多么、信仰、想,0,1
40834961,张信哲,用情,我用情,我用情、付诸流水、爱比,0,0
40832193,张信哲,爱就一个字,为,为、看、爱,0,1
108391,张信哲,用情,我用情,我用情、付诸流水、爱比,0,0
152168,谭咏麟,讲不出再见,也好,也好、不必、不忍,0,0
101700,谭咏麟,披着羊皮的狼,爱,爱、愿意、确定,0,0
22846462,谭咏麟,讲不出再见,也好,也好、不必、不忍,0,0
54498,谭咏麟,一生中最爱,想,想、会、一生,0,1
30357340,谭咏麟,小珊瑚,小,小、珊瑚、太美,1,1
54394,谭咏麟,朋友,一起,一起、朋友、遥遥,0,1
152274,谭咏麟,梦仍是一样,方向,方向、可知、这刻,0,0
152150,谭咏麟,水中花,没法,没法、未能、不想,0,0
152464,谭咏麟,难舍难分,说,说、已、爱,0,0
22862655,谭咏麟,卡拉永远OK (Future Underworld Mix),ok,ok、卡拉、永远,1,1
2837466,谭咏麟,爱多一次痛多一次,一次,一次、爱多、能,1,1
6683591,谭咏麟,一生中最爱,想,想、会、一生,0,1
54416,谭咏麟,无言感激,热爱,热爱、暖、岁月,0,0
112987,谭咏麟,卡拉永远OK,ok,ok、卡拉、永远,1,1
225816000,谭咏麟,前,面前,面前、代言、用,0,0
3621069,谭咏麟,爱在深秋,回忆,回忆、倚、深秋,0,1
1701617,谭咏麟,水中花,没法,没法、未能、不想,0,0
54390,谭咏麟,爱情陷阱,陷阱,陷阱、看、堕入,1,1
537676,谭咏麟,活得潇洒,一生,一生、人能、合,0,0
113012,谭咏麟,再见亦是泪!?,寂寞,寂寞、未、情人,0,0
162184869,谭咏麟,讲不出再见 (3D环绕版),也好,也好、不必、不忍,0,0
1014354,谭咏麟,也曾相识,曾经,曾经、怀着、千般,0,0
152195,谭咏麟,再见亦是泪!?,寂寞,寂寞、未、情人,0,0
21765044,谭咏麟,明天会更好,一起,一起、多、合力,0,0
3809725,谭咏麟,总有你鼓励,找到,找到、热情、就算,0,0
521282545,陈小春,街角的晚风,gone,gone、alone、爱,0,0
588310067,陈小春,借过一下 (Live),总监,总监、人、舞蹈,0,0
381027,陈小春,独家记忆,独家,独家、记忆、喜欢,1,1
6763670,陈小春,相依为命,放下,放下、想、即使,0,0
455591,陈小春,算你狠,说,说、心里、跟,0,0
3207568,陈小春,乱世巨星,叱咤风云,叱咤风云、任意、闯,0,0
23542369,陈小春,我爱的人,爱,爱、人、听见,1,1
336113,陈小春,算你狠,说,说、心里、跟,0,0
259468250,陈小春,中国梦·我的梦,梦,梦、心、伟大,1,1
455582,陈小春,离不开你,每,每、离不开、身边,0,1
541954309,陈小春,街角的晚风 (2026东方卫视春节晚会现场),gone,gone、alone、爱,0,0
54248297,陈小春,友情岁月,里,里、已、健,0,0
238204,陈小春,算你狠,说,说、心里、跟,0,0
6763660,陈小春,神啊 救救我,神,神、救救、会,1,1
30331134,陈小春,独家记忆,独家,独家、记忆、喜欢,1,1
539854,陈小春,战无不胜,哪个,哪个、正义、天地,0,0
186613063,陈小春,真的汉子,人,人、意义、靠,0,0
216626966,陈小春,大道有情,问,问、道、笑,0,1
1076364,陈小春,热血燃烧,无情,无情、人、岁月,0,0
6762950,陈小春,叱咤红人,加,加、啲、世界,0,0
142988,陈小春,0932,我爱你,我爱你、要、我要,0,0
86999,陈小春,相依为命,放下,放下、想、即使,0,0
579881453,陈小春,要你管 X 算你狠 (Live),不到,不到、使、乜,0,0
3565395,陈小春,相依为命,放下,放下、想、即使,0,0
794477,陈小春,没那种命,那种,那种、命、爱情,1,1
465829,梁静茹,情歌,情歌,情歌、轻轻、还好,1,1
164700,梁静茹,勇气,爱,爱、需要、勇气,0,1
334795,梁静茹,会呼吸的痛,痛,痛、会、呼吸,1,1
213973,梁静茹,暖暖,好,好、说、希望,0,0
96604,梁静茹,宁夏,宁静,宁静、夏天、睡,0,0
326438,梁静茹,给未来的自己,怎样,怎样、会、人,0,0
3911424,梁静茹,可惜不是你,昨天,昨天、感谢、牵过,0,0
82767,梁静茹,勇气,爱,爱、需要、勇气,0,1
69319382,梁静茹,慢冷,人,人、先、炽热,0,0
22841403,梁静茹,问,为,为、女人、会,0,0
28869184,梁静茹,分手快乐,分手,分手、快乐、爱,1,1
934086,梁静茹,会呼吸的痛,痛,痛、会、呼吸,1,1
1553776,梁静茹,爱久见人心,爱不爱,爱不爱、别人、存,0,0
463063,梁静茹,没有如果,爱,爱、说、错过,0,0
213974,梁静茹,小手拉大手,手,手、一起、小手,1,1
1025040,梁静茹,问 (Live),为,为、女人、会,0,0
164701,梁静茹,爱你不是两三天,想,想、爱、两三天,0,1
164699,梁静茹,如果有一天,时间,时间、发现、越,0,0
1027785,梁静茹,情歌,情歌,情歌、轻轻、还好,1,1
540920,梁静茹,梦醒时分 (Live),总是,总是、说、人,0,0
164616,梁静茹,分手快乐,分手,分手、快乐、想,1,1
12367214,梁静茹,丝路,爱上,爱上、之后、哭,0,0
452405992,梁静茹,住在心里的人,人,人、阿嬷、说,1,1
91823,梁静茹,明明很爱你,明明,明明、男、合,1,1
934091,梁静茹,暖暖,好,好、说、希望,0,0
231323,孙燕姿,我怀念的,记得,记得、怀念、爱,0,1
296504,孙燕姿,遇见,未来,未来、人、听见,0,0
325842,孙燕姿,开始懂了,相信,相信、怕、伤害,0,0
234519,孙燕姿,遇见,未来,未来、人、听见,0,0
423818,孙燕姿,绿光,绿光,绿光、green、light,1,1
95769,孙燕姿,我不难过,懂,懂、寂寞、虽然,0,0
117839,孙燕姿,第一天,first,first、day、第一天,0,1
231321,孙燕姿,逆光,光,光、逆、一直,1,1
325268,孙燕姿,天黑黑,天黑黑,天黑黑、人、世界,1,1
22286406,孙燕姿,遇见,未来,未来、人、听见,0,0
182814,孙燕姿,"Tonight, I feel close to you (with 孫 燕姿<yan-zi>)",by,by、sky、wish,0,0
40915919,孙燕姿,半句再见,遗忘,遗忘、放、过往,0,0
168322,孙燕姿,"Tonight,I feel close to you",倉木,倉木、麻衣、孙燕姿,0,0
15899822,孙燕姿,雨天,能,能、体谅、雨天,0,1
234498,孙燕姿,开始懂了,相信,相信、怕、伤害,0,0
117836,孙燕姿,眼泪成诗,变成,变成、分手、伤,0,0
234500,孙燕姿,绿光,绿光,绿光、green、light,1,1
22282793,孙燕姿,开始懂了,相信,相信、怕、伤害,0,0
203339,孙燕姿,雨天,能,能、体谅、雨天,0,1
359661820,孙燕姿,开始懂了 (黑胶版),相信,相信、怕、伤害,0,0
22286394,孙燕姿,绿光,绿光,绿光、里、如此,1,1
234518,孙燕姿,雨天,能,能、体谅、雨天,0,1
4057680,孙燕姿,克卜勒,一闪,一闪、星星、挂,0,0
117840,孙燕姿,Honey Honey,honey,honey、总是、拥抱,1,1
411721992,孙燕姿,遇见 (黑胶版),未来,未来、人、听见,0,0
538730146,ProdbyMend,咏春 (等你等你等你的一切DJ版),等,等、歌咏、春天,1,1
536916552,ProdbyMend,海屿你,求,求、别、离开,0,0
412945074,ProdbyMend,心之火DJ (谁的爱太疯任性的挥霍),爱,爱、疯、here,1,1
536321783,ProdbyMend,精卫,尘埃,尘埃、太想、云开,0,0
548191604,ProdbyMend,最真的梦 (有力量版),今夜,今夜、微风、心,0,0
434778540,ProdbyMend,我是奶龙 (我才是奶龙),后,后、提裤、社会,0,0
538063195,ProdbyMend,亲密爱人 (微醺R&B版),亲密,亲密、爱人、亲爱,1,1
537317844,ProdbyMend,乌兰巴托的夜 (空灵女音),静,静、乌兰巴托、夜,0,1
463342255,ProdbyMend,最后一页 (DJ版),泪,泪、最后、能否,0,1
533660541,ProdbyMend,只要有你 (R&B版),能,能、从此、能画,0,0
465012284,ProdbyMend,情非得已 (DJ版),爱上你,爱上你、会、只怕,0,0
535064274,ProdbyMend,漫步人生路 (R&B版),身边,身边、愿、苦痛,0,0
533110993,ProdbyMend,遗憾 (R&B版),要,要、与其、让你在,0,0
537302758,ProdbyMend,从开始到现在 (R&B版),人,人、爱、难道,0,0
464088908,ProdbyMend,最后一页 (海潮声淹没了离别时的黄昏),泪,泪、最后、想,0,1
434774329,ProdbyMend,Counting Stars (燃尽小曲),ve,ve、been、将,0,0
424389024,ProdbyMend,红色高跟鞋 (DJ版),像,像、红色、高跟鞋,0,1
536204383,ProdbyMend,情歌 (深情男声),情歌,情歌、轻轻、还好,1,1
535968652,ProdbyMend,信仰 (心碎女声),多么,多么、想、不管,0,0
527197722,ProdbyMend,你那么爱她 (R&B版),爱,爱、留下、深爱,1,1
539156337,ProdbyMend,等你等你的一切 (别辜负眼前季节),等,等、微微、阳光,1,1
539699816,ProdbyMend,等你爱我 (R&B氛围版),等,等、爱、一次,1,1
537515951,ProdbyMend,love story (微醺R&B版),ll,ll、love、were,0,1
539697857,ProdbyMend,花香 (R&B版),花香,花香、记忆、阵阵,1,1
534762726,ProdbyMend,最美的梦 (烟嗓女声版),梦,梦、今夜、微风,1,1
176704915,莫文蔚,这世界那么多人,中,中、世界、多人,0,1
1697454,莫文蔚,盛夏的果实,说,说、会、爱,0,0
166739,莫文蔚,阴天,两个,两个、阴天、开灯,0,1
21762578,莫文蔚,一生所爱,男,男、女、外,0,0
320577,莫文蔚,电台情歌,将,将、爱情、一直,0,0
41384797,莫文蔚,慢慢喜欢你,慢慢,慢慢、喜欢、荒井,1,1
608747136,莫文蔚,忐白门 (Live),咦,咦、嘶、人,0,0
166731,莫文蔚,忽然之间,爱,爱、分不开、就算,0,0
162196353,莫文蔚,那么爱你为什么,爱,爱、笑、或者,1,1
38000118,莫文蔚,一生所爱,外,外、苦海、翻,0,0
166676,莫文蔚,盛夏的果实,说,说、会、爱,0,0
467379433,莫文蔚,岁月里的花,by,by、鲜花、钱雷,0,0
237919,莫文蔚,那么爱你为什么,爱,爱、笑、或者,1,1
296297,莫文蔚,如果没有你,真的,真的、好想你、哪里,0,0
28667531,莫文蔚,阴天,两个,两个、阴天、开灯,0,1
166771,莫文蔚,他不爱我,心,心、爱、不够,0,1
3615944,莫文蔚,电台情歌,将,将、爱情、一直,0,0
21766991,莫文蔚,广岛之恋,爱过,爱过、男、女,0,0
166760,莫文蔚,是非题,爱,爱、清楚、非爱,0,0
6307314,莫文蔚,当你老了,loved,loved、when、old,0,0
85688,莫文蔚,阴天,两个,两个、阴天、开灯,0,1
58697,莫文蔚,广岛之恋,爱过,爱过、男、女,0,0
452708856,莫文蔚,歌曲：岁月里的花 (Live),鲜花,鲜花、用、看,0,0
74462,周华健,花心,只要,只要、愿意、梦划,0,0
321327,周华健,刀剑如梦,匆匆,匆匆、一生、生死与共,0,0
949749,周华健,刀剑如梦,匆匆,匆匆、一生、生死与共,0,0
321345,周华健,朋友,朋友,朋友、走、会,1,1
151365271,周华健,难念的经,笑,笑、吞风、吻,0,0
159010,周华健,风雨无阻,够不够,够不够、多、好,0,0
159052,周华健,风雨无阻,够不够,够不够、多、好,0,0
237951,周华健,让我欢喜让我忧,多一点点,多一点点、请、温柔,0,0
1115252,周华健,难念的经,笑,笑、吞风、吻,0,0
672712,周华健,有没有一首歌会让你想起我,有没有,有没有、一首歌、会,1,1
29550915,周华健,其实不想走,其实,其实、不想、走,1,1
226933196,周华健,花心,只要,只要、愿意、梦划,0,0
63128,周华健,若不是因为你,里,里、若、依然,0,1
38526962,周华健,最近比较烦,比较烦,比较烦、不烦、麻烦,1,1
38513799,周华健,神话情话,爱是,爱是、男、爱,0,0
321396,周华健,最真的梦,今夜,今夜、微风、心,0,0
63086,周华健,天下有情人,爱是,爱是、合、说,0,0
159011,周华健,孤枕难眠,告诉,告诉、想着、黑夜,0,0
237803,周华健,有没有一首歌会让你想起我,有没有,有没有、一首歌、会,1,1
39754506,周华健,漂洋过海来看你 (Live),曾,曾、陌生、城市,0,0
540933977,周华健,恭喜自己,恭喜,恭喜、成龙、周华健,1,1
3984365,周华健,真心英雄,真心,真心、把握、生命,1,1
321333,周华健,其实不想走,其实,其实、不想、走,1,1
159090,周华健,风雨无阻 (Live),够不够,够不够、多、好,0,0
81168,周华健,孤枕难眠,告诉,告诉、想着、黑夜,0,0
80080,陈慧娴,千千阕歌,日,日、纵使、今晚,0,0
25251981,陈慧娴,千千阕歌,日,日、纵使、千千,0,1
66448,陈慧娴,人生何处不相逢,一刹,一刹、随风飘荡、随浪,0,0
16994198,陈慧娴,千千阕歌,日,日、纵使、今晚,0,0
877356,陈慧娴,飘雪,心痛,心痛、追忆、原来,0,0
159822,陈慧娴,月亮,月儿,月儿、愿、要,0,0
159834,陈慧娴,傻女 (Album Version),饰演,饰演、共、毛衣,0,0
699784,陈慧娴,人生何处不相逢,一刹,一刹、随风飘荡、随浪,0,0
80091,陈慧娴,情意结,为何,为何、原来、难得,0,0
386146885,陈慧娴,千千阙歌,日,日、纵、今晚,0,0
382656,陈慧娴,月半小夜曲,仍然,仍然、独奏、以后,0,0
26239928,陈慧娴,飘雪,心痛,心痛、追忆、原来,0,0
76890,陈慧娴,孤单背影,未,未、为何、了解,0,0
159948,陈慧娴,归来吧,快乐,快乐、老家、galiahna,0,0
159832,陈慧娴,逝去的诺言,说,说、已别、这份,0,0
445973179,陈慧娴,千千阙歌   夕阳之歌 (Live),牛班,牛班、newband、日,0,0
76912,陈慧娴,跳舞街,wanna,wanna、明日、似,0,0
159792,陈慧娴,夜机,情,情、心、于,0,0
489379883,陈慧娴,千千阕歌 (黑胶版),千千,千千、日、纵使,1,1
159945,陈慧娴,傻女,饰演,饰演、共、毛衣,0,0
159815,陈慧娴,归来吧,快乐,快乐、老家、galiahna,0,0
995195,陈慧娴,情意结,为何,为何、原来、难得,0,0
160054,陈慧娴,飘雪,心痛,心痛、追忆、原来,0,0
1035026,杨丞琳,雨爱,爱,爱、一、像,1,1
250450649,杨丞琳,雨爱 (DJ版),爱,爱、一、像,1,1
447012,杨丞琳,带我走,走,走、带、人,1,1
22800405,杨丞琳,匿名的好友,温柔,温柔、握、手,0,0
616333,杨丞琳,雨爱,爱,爱、一、像,1,1
614114042,杨丞琳,失眠 (Live),音乐,音乐、维伴、尝试,0,0
608664542,杨丞琳,喜欢 (Live),音乐,音乐、维伴、喜欢,0,1
96090697,杨丞琳,雨爱 (2010-2011台北最High新年城跨年晚会现场),爱,爱、一、像,1,1
127421,杨丞琳,左边,左边,左边、爱、总是,1,1
208755012,杨丞琳,如愿 (Live),音乐,音乐、维伴、杨丞琳,0,0
320478,杨丞琳,左边,左边,左边、爱、总是,1,1
9895357,杨丞琳,搁浅 (Live),读着,读着、原谅、会,0,0
23542680,杨丞琳,暧昧,人,人、何时、该,0,0
38615712,杨丞琳,雨爱,爱,爱、一、像,1,1
9827887,杨丞琳,年轮说,这个,这个、看、计算,0,0
650221,杨丞琳,雨爱,爱,爱、一、像,1,1
38615673,杨丞琳,左边,左边,左边、爱、总是,1,1
6842822,杨丞琳,仰望,仰望,仰望、不让、能,1,1
597126334,杨丞琳,亲爱的你，好久不见,音乐,音乐、会、翻过,0,0
23544268,杨丞琳,不被祝福的幸福,懂,懂、怀疑、哭泣,0,0
243521650,杨丞琳,光阴的故事 (Live),shanghai,shanghai、kms、流水,0,0
601699326,杨丞琳,匿名的好友 (Live),音乐,音乐、维伴、执着,0,0
204545813,杨丞琳,千年之恋 (Live),音乐,音乐、维伴、张碧晨,0,0
597534744,杨丞琳,爱河 (Live),音乐,音乐、维伴、爱河,0,1
9895353,杨丞琳,她说 (Live),杨,杨、周、等,0,0
4390529,伍佰 & China Blue,突然的自我,多,多、将、突然,0,1
3933760,伍佰 & China Blue,突然的自我,多,多、将、留,0,0
888898,伍佰 & China Blue,挪威的森林,不该,不该、心中、将,0,0
125458,伍佰 & China Blue,再度重相逢,不同,不同、世界、如此,0,0
28718450,伍佰 & China Blue,白鸽,至少,至少、拥有、自由,0,0
56102282,伍佰 & China Blue,泪桥,寂寞,寂寞、人、落花,0,0
56102276,伍佰 & China Blue,再度重相逢,不同,不同、世界、如此,0,0
56102277,伍佰 & China Blue,晚风,当,当、我俩、变成,0,0
28718451,伍佰 & China Blue,与你到永久,心,心、放在、手中,0,0
60245,伍佰 & China Blue,浪人情歌,将,将、通通、忘记,0,0
1086935,伍佰 & China Blue,梦醒时分,总是,总是、说、人,0,0
53885666,伍佰 & China Blue,突然的自我 (Live),多,多、将、留,0,0
315892,伍佰 & China Blue,Last Dance,爱,爱、将、人,0,0
21247468,伍佰 & China Blue,浪人情歌,将,将、通通、想,0,0
11105351,伍佰 & China Blue,泪桥,寂寞,寂寞、人、落花,0,0
4301104,伍佰 & China Blue,再度重相逢,再度,再度、重、相逢,1,1
13615868,伍佰 & China Blue,晚风,当,当、我俩、变成,0,0
39593623,伍佰 & China Blue,与你到永久,心,心、放在、手中,0,0
21247495,伍佰 & China Blue,被动,爱,爱、越久、越,0,0
3208797,伍佰 & China Blue,浪人情歌 (Live),忘记,忘记、想、悲伤,0,0
3208809,伍佰 & China Blue,晚风 (Live),当,当、慢慢、吹,0,0
152785011,伍佰 & China Blue,晚风 (DJ版),当,当、我俩、变成,0,0
299981125,伍佰 & China Blue,梦醒时分,总是,总是、说、人,0,0
12958849,伍佰 & China Blue,Last Dance (Live),爱,爱、将、人,0,0
245288689,伍佰 & China Blue,梦醒时分,总是,总是、说、人,0,0
57935,邓丽君,我只在乎你,人生,人生、任、时光,0,0
391950,邓丽君,月亮代表我的心,我爱你,我爱你、心、月亮代表,0,1
92572,邓丽君,漫步人生路,身边,身边、愿、苦痛,0,0
57850,邓丽君,恰似你的温柔,怀念,怀念、如今、年复一年,0,0
161827,邓丽君,漫步人生路,身边,身边、愿、苦痛,0,0
161611,邓丽君,我只在乎你,人生,人生、任、时光,0,0
71467,邓丽君,甜蜜蜜,哪里,哪里、梦里、见,0,0
229277,邓丽君,甜蜜蜜,哪里,哪里、梦里、见,0,0
22806416,邓丽君,漫步人生路,身边,身边、愿、苦痛,0,0
24053323,邓丽君,阿里山的姑娘,姑娘,姑娘、少年、高山,1,1
22828318,邓丽君,北国の春,の,の、あ、北国,1,1
776001,邓丽君,你怎么说,说,说、忘记、两天,1,1
371364,邓丽君,漫步人生路,身边,身边、愿、苦痛,0,0
92564,邓丽君,小城故事,小城,小城、谈、说,1,1
105819,邓丽君,甜蜜蜜,哪里,哪里、梦里、见,0,0
984497,邓丽君,漫步人生路,身边,身边、愿、苦痛,0,0
57943,邓丽君,北国之春,里,里、衷心、谢谢您,0,0
3614318,邓丽君,夜来香,夜来香,夜来香、为、歌唱,1,1
3614320,邓丽君,又见炊烟,诗情画意,诗情画意、虽然、美丽,0,0
1148127,邓丽君,微风细雨,微风,微风、细雨、淋着,1,1
22802880,邓丽君,甜蜜蜜 (Live In Hong Kong / 1982),哪里,哪里、梦里、见,0,0
161705,邓丽君,月亮代表我的心,我爱你,我爱你、心、月亮代表,0,1
634074,邓丽君,四季歌,到来,到来、大姑娘、长,0,0
3085691,邓丽君,你怎么说,说,说、忘记、两天,1,1
28684303,邓丽君,我只在乎你,人生,人生、任、时光,0,0
221390627,赵乃吉,总以为来日方长,忘,忘、后来、不慌不忙,0,0
182511256,赵乃吉,曾经你说,看,看、要、曾经,0,1
410998422,赵乃吉,相见恨晚,说,说、爱、相见恨晚,0,1
423798063,赵乃吉,谁 (治愈版),无力,无力、多想、面对,0,0
464870820,赵乃吉,推开世界的门,世界,世界、泥、原来,1,1
359702458,赵乃吉,漂洋过海来看你（DJ阿卓版）,曾,曾、能、彼此,0,0
407546306,赵乃吉,黄昏（DJ德朋版）,黄昏,黄昏、依然、记得,1,1
406870189,赵乃吉,有多少爱可以重来（DJ阿卓版）,多少,多少、人、爱,1,1
489084698,赵乃吉,你怎么舍得我难过（深情版）,人,人、最爱、舍得,0,1
408830402,赵乃吉,问（DJ版）,女人,女人、为、总是,0,0
418584142,赵乃吉,祝你一路顺风,说,说、出口、好,0,0
465348093,赵乃吉,座位,那位,那位、身边、代替,0,0
5632632,赵乃吉,最初的温柔,别,别、停留、誓言,0,0
592970638,赵乃吉,天灰,变成,变成、天空、有点,0,0
501256863,赵乃吉,只要有你,能,能、从此、能画,0,0
502337420,赵乃吉,撕夜(DJ阿尼),冷冷的,冷冷的、人、梦,0,0
385581229,赵乃吉,痴心绝对 （DJ阿卓版）,会,会、一天、永远,0,0
465348077,赵乃吉,座位 (DJ铁柱版),那位,那位、身边、代替,0,0
433782191,赵乃吉,七月七日晴（DJ阿卓版）,忽然,忽然、dj、一片,0,1
418379905,赵乃吉,断点（DJ阿卓版）,脸,脸、吻、看见,0,0
592866015,赵乃吉,等你的季节,等,等、要、会,1,1
271986256,赵乃吉,梦醒时分·2023,总是,总是、人、说,0,0
189396707,赵乃吉,错都错了,好好,好好、反正、爱,0,0
261453336,赵乃吉,敬不到来日方长,不到,不到、不尽、人生,1,1
513323761,赵乃吉,放生(DJ阿尼),人,人、生活、放,0,1
158361,张宇,月亮惹的祸,错,错、承认、惹,0,1
228948,张宇,雨一直下,爱到深处,爱到深处、下、要,0,1
215725,张宇,给你们,几分,几分、要、爱,0,0
105279,张宇,曲终人散,曲终人散,曲终人散、寂寞、多,1,1
105269,张宇,一言难尽,爱,爱、哪里、为难,0,0
105287,张宇,给你们,几分,几分、要、爱,0,0
158392,张宇,曲终人散,曲终人散,曲终人散、寂寞、多,1,1
158378,张宇,用心良苦,要,要、爱、痛,0,0
158344,张宇,小小的太阳,爱,爱、总是、应该,0,0
6951178,张宇,一言难尽,爱,爱、哪里、为难,0,0
105281,张宇,雨一直下,爱到深处,爱到深处、下、要,0,1
15089771,张宇,小小的太阳 (Remastered),爱,爱、总是、应该,0,0
105267,张宇,囚鸟,像是,像是、可有可无、影子,0,0
16948463,张宇,月亮惹的祸,错,错、承认、惹,0,1
158367,张宇,男人的好,好,好、男人、才能,1,1
15212920,张宇,一言难尽 (Remastered),爱,爱、哪里、为难,0,0
61226,张宇,雨一直下,爱到深处,爱到深处、下、要,0,1
408047,张宇,用心良苦,要,要、爱、痛,0,0
158390,张宇,一言难尽,爱,爱、哪里、为难,0,0
3442391,张宇,趁早 (Live),要,要、想、趁早,0,1
215717,张宇,大女人,爱,爱、要、证明,0,0
15089781,张宇,趁早 (2005 Version),要,要、想、趁早,0,1
2837509,张宇,单恋一枝花,说,说、大声、拜拜,0,0
6967331,张宇,用心良苦,要,要、爱、痛,0,0
158403,张宇,月亮惹的祸,错,错、承认、惹,0,1
89622,王心凌,爱你,想,想、爱、一点,0,1
89626,王心凌,第一次爱的人,day,day、went、away,0,0
122706,王心凌,我会好好的,深深,深深、爱、苦苦,0,0
342238654,王心凌,我爱你中国 (Live),为,为、牛班、newband,0,0
58240758,王心凌,大眠,恋,恋、爱、完,0,0
122708,王心凌,睫毛弯弯,眨,眨、好、弯弯,0,1
122701,王心凌,梦的光点,梦,梦、追、光点,1,1
620461,王心凌,第一次爱的人,day,day、went、away,0,0
150605341,王心凌,第一次爱的人,失去,失去、day、went,0,0
150605383,王心凌,彩虹的微笑,easy,easy、怎样、easyeasy,0,0
169088,王心凌,当你,当,当、想、说,1,1
104118,王心凌,Honey,honey,honey、心里、爱,1,1
620470,王心凌,睫毛弯弯,眨,眨、好、弯弯,0,1
134979,王心凌,黄昏晓,吹,吹、风吹、追,0,0
113118,王心凌,Da Da Da,da,da、lu、yo,1,1
400551533,王心凌,如愿 (Live),愿,愿、将、爱,1,1
102845,王心凌,第一次爱的人,day,day、went、away,0,0
323856144,王心凌,大中国 (Live),中国,中国、牛班、newband,1,1
1018882,王心凌,不哭,忍住,忍住、不哭、出,0,1
275077,王心凌,彩虹的微笑,easy,easy、怎样、ye,0,0
150605350,王心凌,花的嫁纱,爱,爱、中、绝望,0,0
326305322,王心凌,送你一朵小红花 (Live),送,送、一朵、小红花,1,1
28718343,王心凌,爱你,想,想、爱、一点,0,1
2265609,王心凌,睫毛弯弯,眨,眨、好、弯弯,0,1
22807949,刘珂矣,半壶纱,怎知,怎知、浮生、一片,0,0
6826036,刘珂矣,风筝误,误,误、风筝、梨花,1,1
324796602,刘珂矣,半壶纱 (变速版),怎知,怎知、浮生、一片,0,0
338920163,刘珂矣,半壶纱 (DJ名龙版),怎知,怎知、浮生、一片,0,0
349693821,刘珂矣,半壶纱 (Single Version),怎知,怎知、浮生、一片,0,0
143381134,刘珂矣,闲庭絮,闲时,闲时、立、黄昏,0,0
63015039,刘珂矣,半壶纱,怎知,怎知、浮生、一片,0,0
6826023,刘珂矣,半壶纱 (纯音乐),怎知,怎知、浮生、一片,0,0
6826032,刘珂矣,芙蓉雨,怎地,怎地、多一份、情,0,0
6826037,刘珂矣,缥缃醉,已,已、一窗、间,0,0
596132971,刘珂矣,万江天色,问,问、清风、我醉,0,0
278701809,刘珂矣,花满汐,卖花,卖花、但愿、四海,0,0
219364341,刘珂矣,青山册,珂,珂、合、凯,0,0
85087552,刘珂矣,香雪迟,南方,南方、下、雨,0,0
192498840,刘珂矣,人间一两风,但愿,但愿、总有、人间,0,1
6826031,刘珂矣,忘尘谷,人,人、一路、吹笛,0,0
257180507,刘珂矣,落纸三千,蘸,蘸、眼泪、画,0,0
233262441,刘珂矣,半壶纱 (3D环绕版),怎知,怎知、浮生、一片,0,0
173644241,刘珂矣,提诗侧畔,一澜,一澜、一痴、一念,0,0
6826033,刘珂矣,一袖云,唔,唔、云、呃,0,1
147559450,刘珂矣,闲庭絮 (DJ版),闲时,闲时、立、黄昏,0,0
69193905,刘珂矣,浮年盏,当时,当时、年、饮,0,1
6826028,刘珂矣,风筝误 (纯音乐),该,该、歌曲、为,0,0
40077080,刘珂矣,暖山,有时,有时、将、满山,0,0
531276057,老板,我曾像傻子一样爱你 (DJEva版),像,像、个、拼命,1,1
528052465,老板,我曾像傻子一样爱你,像,像、个、拼命,1,1
538735826,老板,思念成灾 (DJ阿诺版),像,像、可惜、宣发,0,0
261458302,老板,死心,明明,明明、很想、放弃,0,0
611037129,老板,我不该动情,我发,我发、疯、爱,0,0
576430104,老板,不妨问问你自己,不妨,不妨、问问、快乐,1,1
531300748,老板,我曾像傻子一样爱你 (DJ豪大大版),像,像、个、拼命,1,1
534567331,老板,思念成灾 (遗憾男版),像,像、可惜、宣发,0,0
559096751,老板,作废的约定,约定,约定、个、可,1,1
538057501,老板,风往故乡吹 (思乡版),等,等、乡、风往,0,1
543498108,老板,故乡的风来了又走,故乡,故乡、风、走,1,1
555366873,老板,我已把孟婆的汤喝光,说,说、孟婆、汤,0,1
531300720,老板,我曾像傻子一样爱你 (DJ阿诺版),像,像、个、拼命,1,1
556993565,老板,深爱过的人怎么放手,曾,曾、就算、能,0,0
592903516,老板,我很累却不敢喊疼,其实,其实、喊、疼,0,1
565834411,老板,忘了 (R&B版),爱,爱、说、能,0,0
140951841,老板,再也不见，至死怀念,怀念,怀念、真的、可,1,1
300316734,老板,做个俗人不谈情,从此,从此、只、不谈,0,1
558559290,老板,可惜春风不懂我伤悲,懂,懂、像、可惜,1,1
558559261,老板,可惜春风不懂我伤悲 (DJEva版),懂,懂、像、可惜,1,1
606644643,老板,这一生你会遇见谁早已注定,人,人、一生、换来,0,1
318854211,老板,骗子说给傻子听,动,动、说、连,0,1
560361909,老板,他究竟有多好,究竟,究竟、多、好,1,1
563747617,老板,有种心痛是你不再属于我,忘,忘、彻底、爱,0,0
556993639,老板,深爱过的人怎么放手 (DJ小行版),曾,曾、就算、能,0,0
96765035,刘若英,后来,后来,后来、如何、人,1,1
58550,刘若英,后来,后来,后来、如何、人,1,1
82702,刘若英,原来你也在这里,原来,原来、人、若,1,1
251280,刘若英,当爱在靠近,有人,有人、决定、每,0,0
238223,刘若英,后来,后来,后来、人、如何,1,1
165941,刘若英,后来,后来,后来、如何、人,1,1
165928,刘若英,为爱痴狂,像,像、爱、问问,0,1
22863738,刘若英,为爱痴狂,像,像、爱、问问,0,1
27779017,刘若英,当爱在靠近 (Live),有人,有人、决定、每,0,0
1024063,刘若英,当爱在靠近,有人,有人、决定、每,0,0
326812,刘若英,很爱很爱你,爱,爱、愿意、幸福,1,1
165975,刘若英,成全,成全,成全、一句、人,1,1
39981180,刘若英,大家来恋爱,恋爱,恋爱、徐、刘,1,1
51574603,刘若英,分开旅行,black,black、巴黎、heart,0,0
165927,刘若英,很爱很爱你,爱,爱、愿意、幸福,1,1
3360263,刘若英,幸福就是,幸福,幸福、爱、懂得,1,1
52622295,刘若英,原来你也在这里,原来,原来、人、若,1,1
56191019,刘若英,原来你也在这里 (Live),原来,原来、人、若,1,1
40429561,刘若英,当爱在靠近,有人,有人、决定、每,0,0
6944517,刘若英,分开旅行,black,black、巴黎、heart,0,0
3332403,刘若英,亲爱的路人,人,人、爱、所谓,1,1
27779020,刘若英,为爱痴狂 (Live),像,像、爱、问问,0,1
685272,刘若英,我们没有在一起,一起,一起、至少、像,1,1
215048,刘若英,一辈子的孤单,孤单,孤单、越、想,1,1
326822,刘若英,为爱痴狂,像,像、爱、问问,0,1
78767,李克勤,月半小夜曲,仍然,仍然、独奏、以后,0,0
328566,李克勤,一生不变,分开,分开、痴心、吻,0,0
328667,李克勤,护花使者,心中,心中、身影、晚风,0,0
197391854,李克勤,致敬勇士,雪花,雪花、盛开、世界,0,0
148358,李克勤,月半小夜曲,仍然,仍然、独奏、以后,0,0
25252076,李克勤,红日,命运,命运、就算、一生,0,0
27133143,李克勤,一生不变,分开,分开、痴心、吻,0,0
256658844,李克勤,晚风心里吹,愿,愿、晚风、吹,0,1
1133143,李克勤,红日,命运,命运、就算、一生,0,0
1063033,李克勤,红日,命运,命运、就算、一生,0,0
4799031,李克勤,护花使者,心中,心中、身影、晚风,0,0
85672968,李克勤,天下有情人 (Live),爱是,爱是、说、等到,0,0
148208,李克勤,一生不变,分开,分开、痴心、吻,0,0
1651004,李克勤,月半小夜曲,仍然,仍然、独奏、以后,0,0
224561124,李克勤,红日 (Live),命运,命运、就算、一生,0,0
328537,李克勤,爱你不需要理由,接受,接受、从来、以后,0,0
982768,李克勤,爱你不需要理由,接受,接受、从来、以后,0,0
148555,李克勤,旧欢如梦,早经,早经、消散、莫再,0,0
378473507,李克勤,一生不变 (黑胶版),分开,分开、痴心、吻,0,0
25251943,李克勤,红日,命运,命运、就算、一生,0,0
140178877,李克勤,护花使者 (1991年度十大劲歌金曲颁奖典礼现场),心中,心中、身影、晚风,0,0
148385,李克勤,辜负你的情,辜负,辜负、情、情忘,1,1
328689,李克勤,一生中最爱,想,想、谭、会,0,0
90100,张国荣,倩女幽魂,路,路、茫茫、美梦,0,0
80458,张国荣,沉默是金,不再,不再、洒脱、做人,0,0
55014,张国荣,当年情,轻轻,轻轻、为、温馨,0,0
157050,张国荣,明月夜,身边,身边、等待、是否,0,0
6638869,张国荣,倩女幽魂,路,路、茫茫、美梦,0,0
295176,张国荣,当爱已成往事,人生,人生、痛、总是,0,0
27129203,张国荣,倩女幽魂,路,路、茫茫、美梦,0,0
157159,张国荣,风继续吹,吹,吹、泪、要,1,1
127207,张国荣,沉默是金,不再,不再、洒脱、做人,0,0
156980,张国荣,玻璃之情,我会,我会、玻璃、信,0,1
55156,张国荣,千千阕歌 (Live in Hong Kong / 1989-1990),今晚,今晚、日、纵使,0,0
157185,张国荣,当年情 (Live in Hong Kong / 1989-1990),轻轻,轻轻、为、温馨,0,0
157270,张国荣,Monica,thanks,thanks、monica、能,0,1
319718,张国荣,风继续吹,吹,吹、泪、要,1,1
3033090,张国荣,春夏秋冬,好,好、上、该,0,0
28214385,张国荣,沉默是金 (独唱版),不再,不再、洒脱、做人,0,0
22809041,张国荣,沉默是金(合唱),不再,不再、洒脱、做人,0,0
319947,张国荣,倩女幽魂,梦,梦、路、茫茫,0,0
154948,张国荣,沉默是金,许,许、张、合,0,0
297859,张国荣,有谁共鸣,静,静、风、清,0,0
27175108,张国荣,倩女幽魂,路,路、茫茫、美梦,0,0
54993,张国荣,我 (Mandarin Version),快乐,快乐、一种、喜欢,0,0
27860037,张国荣,沉默是金,不再,不再、洒脱、做人,0,0
157253,张国荣,别话,怀念,怀念、会、再见,0,0
80365,S.H.E,Super Star,爱,爱、super、star,0,1
6449263,S.H.E,你曾是少年,人,人、相信、许多年,0,0
240843,S.H.E,中国话,扁担,扁担、板凳、说,0,0
22863457,S.H.E,安静了,爱,爱、说、多,0,0
80362,S.H.E,半糖主义,爱,爱、我要、坚持,0,0
44435374,S.H.E,不想长大,不想,不想、长大、后,1,1
313051,S.H.E,恋人未满,一点点,一点点、说、只,0,0
177848,S.H.E,波斯猫,波斯猫,波斯猫、危险、思念,1,1
177847,S.H.E,他还是不懂,懂,懂、我要、爱,1,1
177769,S.H.E,Super Star,爱,爱、super、star,0,1
556687,S.H.E,天灰,变成,变成、天空、有点,0,0
177902,S.H.E,热带雨林,月色,月色、摇晃、树影,0,0
177765,S.H.E,Ring Ring Ring,ring,ring、ya、管,1,1
556689,S.H.E,五月天,五月,五月、天、一天,1,1
177763,S.H.E,触电,触电,触电、先、像,1,1
4437619,S.H.E,一眼万年,万年,万年、爱、越,1,1
83888,S.H.E,美丽新世界,爱,爱、美丽、新世界,0,1
672803,S.H.E,爱上你,一天,一天、为、值得,0,0
240841,S.H.E,谢谢你的温柔,心,心、不明、孤单,0,0
99620,S.H.E,痛快,痛快,痛快、爱、生命,1,1
177757,S.H.E,一眼万年,万年,万年、爱、越,1,1
135415,S.H.E,紫藤花,紫藤花,紫藤花、人、迎风,1,1
99621,S.H.E,候鸟,爱,爱、飞、远,0,0
350635,S.H.E,新窝,身边,身边、心窝、丢掉,0,0
26287850,S.H.E,天亮了,天亮,天亮、活着、世界,1,1
3493737,Taylor Swift,Love Story,ll,ll、were、romeo,0,0
5834386,Taylor Swift,Welcome To New York,new,new、welcome、york,1,1
166391234,Taylor Swift,Love Story (Taylor's Version),ll,ll、were、romeo,0,0
73491400,Taylor Swift,Cruel Summer,说,说、summer、夏天,0,1
587737612,Taylor Swift,"I Knew It, I Knew You",knew,knew、我心、知是,1,1
59436283,Taylor Swift,Love Story,ll,ll、were、romeo,0,0
309502858,Taylor Swift,Cruel Summer,说,说、summer、夏天,0,1
3493724,Taylor Swift,You Belong With Me,belong,belong、属于、she,1,1
30382874,Taylor Swift,Look What You Made Me Do,made,made、what、look,1,1
61242390,Taylor Swift,Love Story (1989 Mix),ll,ll、were、romeo,0,0
73491401,Taylor Swift,Lover,能否,能否、take、can,0,0
5253684,Taylor Swift,Shake It Off,shake,shake、这些、off,1,1
10621896,Taylor Swift,Style,go,go、out、style,0,1
504402802,Taylor Swift,The Fate of Ophelia,all,all、奥菲莉、娅,0,0
146032128,Taylor Swift,exile,by,by、so、never,0,0
5836891,Taylor Swift,Blank Space,ll,ll、会、love,0,0
311173233,Taylor Swift,Blank Space (Taylor's Version),ll,ll、会、love,0,0
504402808,Taylor Swift,Opalite,love,love、but、如,0,0
73491414,Taylor Swift,Daylight,daylight,daylight、曙光、see,1,1
266547669,Taylor Swift,Cruel Summer,说,说、summer、夏天,0,1
3674836,Taylor Swift,I Knew You Were Trouble,trouble,trouble、躲避、now,1,1
190431615,Taylor Swift,Last Christmas,gave,gave、year、but,0,0
68666991,Taylor Swift,ME! (Feat. Brendon Urie Of Panic! At The Disco),there,there、like、one,0,0
56331506,Taylor Swift,Sparks Fly,如,如、般、烟花,0,0
311086055,Taylor Swift,Style (Taylor's Version),go,go、out、style,0,1
404760,蔡依林,日不落,爱,爱、未眠、心,0,0
622233,蔡依林,天空,天空,天空、好、离开,1,1
160905,蔡依林,说爱你,忙,忙、真的、转,0,0
160911,蔡依林,布拉格广场,so,so、布拉格、广场,0,1
291655,蔡依林,倒带,终于,终于、看开、爱,0,0
680397,蔡依林,今天你要嫁给我,陶喆,陶喆、嫁给、要,0,1
28408860,蔡依林,妥协,爱到,爱到、妥协、世界,0,1
130162,蔡依林,倒带,终于,终于、看开、爱,0,0
1688657,蔡依林,爱情三十六计,爱情,爱情、关系、不必,1,1
3971136,蔡依林,看我72变,完美,完美、再见、改变,0,0
1915665,蔡依林,看我72变,完美,完美、再见、改变,0,0
1227087,蔡依林,Love Love Love,love,love、心、百分百,1,1
103853,蔡依林,LOVE LOVE LOVE,love,love、心、百分百,1,1
160928,蔡依林,我知道你很难过,人,人、难过、爱,0,1
6860770,蔡依林,爱情三十六计,爱情,爱情、三十六计、关系,1,1
160906,蔡依林,骑士精神,那些,那些、莫名其妙、话语,0,0
404761,蔡依林,舞娘,旋转,旋转、跳跃、我闭,0,0
6822329,蔡依林,许愿池的希腊少女,少女,少女、希腊、吉他,1,1
170618513,蔡依林,Stars Align,da,da、need、闪耀,0,0
5903846,蔡依林,第三人称,第三人称,第三人称、用、看着,1,1
1915656,蔡依林,柠檬草的味道,懂得,懂得、要、负责,0,0
1701306,蔡依林,大艺术家,爱,爱、艺术家、ne,0,1
5838910,蔡依林,Play我呸,呸,呸、play、会,1,1
933238,蔡依林,给我一首歌的时间 (Live),能,能、说、一首歌,0,1
1915653,蔡依林,倒带,终于,终于、看开、爱,0,0
103135,陶喆,就是爱你,爱,爱、愿意、说,1,1
103134,陶喆,爱我还是他,爱,爱、说、是不是,1,1
320409,陶喆,爱，很简单,爱,爱、love、一直,1,1
98934,陶喆,普通朋友,friend,friend、just、朋友,0,1
151897,陶喆,爱，很简单,爱,爱、love、一直,1,1
247594,陶喆,Melody,melody,melody、旋律、爱过,1,1
27785116,陶喆,Susan说,苏三说,苏三说、爱情、像,0,0
84423,陶喆,找自己,哗啦啦,哗啦啦、只会、一次,0,0
26034136,陶喆,天天,天天,天天、说、人,1,1
26034137,陶喆,小镇姑娘,明白,明白、小镇、已,0,1
320411,陶喆,流沙,流沙,流沙、真的、爱情,1,1
355033,陶喆,蝴蝶,像,像、一、每次,0,0
75402,陶喆,讨厌红楼梦,简单,简单、说、爱,0,0
151895,陶喆,寂寞的季节,季节,季节、寂寞、风吹,1,1
1092928,陶喆,二十二,只,只、要、能,0,0
320410,陶喆,飞机场的10:30,要,要、越、是不是,0,0
3383254,陶喆,那个女孩,女孩,女孩、girl、那个,1,1
296228,陶喆,Angel,angel,angel、身边、请,1,1
1092927,陶喆,月亮代表谁的心,爱,爱、月亮代表、月亮,0,1
3312607,陶喆,一念之间,爱,爱、say、goodbye,0,0
151899,陶喆,普通朋友,friend,friend、just、朋友,0,1
151894,陶喆,Melody,melody,melody、旋律、爱过,1,1
247595,陶喆,黑色柳丁,只想哭,只想哭、英雄、可是,0,0
136170,陶喆,每一面都美,beautiful,beautiful、温柔、感受,0,0
450444,蔡健雅,红色高跟鞋,像,像、窝、被子,0,0
1108461,蔡健雅,Letting Go,go,go、爱、letting,1,1
318660,蔡健雅,越来越不懂,爱,爱、爱得、懂,0,1
27780561,蔡健雅,坠落,坠落,坠落、爱、就别,1,1
299813486,蔡健雅,红色高跟鞋,像,像、窝、被子,0,0
10346331,蔡健雅,思念是一种病,感觉,感觉、一种、病,0,1
6822490,蔡健雅,红色高跟鞋 (Live),像,像、窝、被子,0,0
6680691,蔡健雅,失语者,失语,失语、者、爱,1,1
102682,蔡健雅,下一次爱情来的时候,爱,爱、应该、下,1,1
311045,蔡健雅,达尔文,人,人、有过、学会,0,0
323758,蔡健雅,Beautiful Love,beautiful,beautiful、love、so,1,1
316388,蔡健雅,越来越不懂,爱,爱、爱得、只,0,0
1108582,蔡健雅,别找我麻烦,乌云,乌云、快、走开,0,0
27780560,蔡健雅,被驯服的象,迷雾,迷雾、迷路、迷了路,0,0
613983870,蔡健雅,不愿醒的梦,有人,有人、会、中,0,0
318659,蔡健雅,空白格,爱,爱、其实、想,0,0
26396560,蔡健雅,紫 (片中版),满天,满天、看、晚霞,0,0
79250,蔡健雅,陌生人,当,当、甚至、能,0,0
520023,蔡健雅,达尔文 II (进化版),人,人、有过、学会,0,0
304294902,蔡健雅,Nightglow,way,way、go、never,0,0
318656,蔡健雅,晨间新闻,新闻,新闻、晨间、特别,1,1
43022324,蔡健雅,越来越不懂,爱,爱、懂、爱得,0,1
278903,蔡健雅,无底洞,尝试,尝试、人、用,0,0
385059,蔡健雅,思念是一种病,感觉,感觉、一种、病,0,1
299797456,蔡健雅,红色高跟鞋,像,像、该、形容,0,0
443603,五月天,突然好想你,突然,突然、怕、回忆,1,1
7207081,五月天,后来的我们,后来,后来、能、人生,1,1
586602283,五月天,达拉崩吧 (Live),达拉,达拉、崩、斑得,1,1
3622015,五月天,你不是真正的快乐,决定,决定、真正、快乐,0,1
41183181,五月天,后来的我们,后来,后来、能、人生,1,1
73468673,五月天,玫瑰少年,会,会、弦乐、美丽,0,0
1028225,五月天,温柔,温柔,温柔、孤单、不明,1,1
98804,五月天,倔强,倔强,倔强、一次、疯狂,1,1
404779,五月天,知足,拥有,拥有、笑、要,0,0
282037,五月天,私奔到月球,男,男、女、一二三,0,0
597012114,五月天,如烟 (Live),永远,永远、有没有、能,0,0
56218336,五月天,步步,一步步,一步步、里面、每,0,0
7151614,五月天,如果我们不曾相遇,不曾,不曾、相遇、一天,1,1
3654739,五月天,干杯,一天,一天、会、真的,0,0
45801335,五月天,伤心的人别听慢歌 (贯彻快乐),动次,动次、不管、快乐,0,1
7097026,五月天,派对动物,party,party、let、go,0,0
56218340,五月天,倔强,倔强,倔强、一次、疯狂,1,1
281762,五月天,离开地球表面,烦恼,烦恼、地球、甩掉,0,1
1026410,五月天,恋爱ing,恋爱,恋爱、改变、心情,1,1
225415,五月天,天使,天使,天使、像、依赖,1,1
448895321,五月天,任性,任性,任性、世界、勇敢,1,1
56218341,五月天,知足 (乐团版),拥有,拥有、笑、要,0,0
56062728,五月天,我不愿 让你一个人,人,人、不愿、会,1,1
160231957,五月天,因为你 所以我,天空,天空、不过、爱上,0,0
56062718,五月天,我不愿 让你一个人,人,人、不愿、会,1,1
234134215,金润吉,迟来的爱 (新版),爱,爱、明白、多少,1,1
214841873,金润吉,最远的你是我最近的爱,等,等、只、艺人,0,0
187651084,金润吉,谢谢你的爱,爱,爱、谢谢、不敢,1,1
333002591,金润吉,再回首,再回首,再回首、曾经、恍然,1,1
217333505,金润吉,我曾用心爱着你,如此,如此、多么、艺人,0,0
268116632,金润吉,萍聚,曾经,曾经、只愿、追忆,0,0
569732719,金润吉,满心愧疚,说,说、能、多想,0,0
245773675,金润吉,最远的你是我最近的爱 (Live),等,等、人生、爱,0,1
321632158,金润吉,牵手 (新版),手,手、路、牵,1,1
254012914,金润吉,活着,要,要、忘、为,0,0
431509116,金润吉,慢慢离开你,离开,离开、试着、慢慢,1,1
66744537,金润吉,一人一城,金,金、庄、爱,0,0
252560394,金润吉,牵挂你的人是我 (新版),人,人、相信、祝福,1,1
289137090,金润吉,我心已许,天地,天地、为证、日月,0,0
6524228,金润吉,Love Love,love,love、爱情、can,1,1
26368970,金润吉,学到老爱到老,人,人、是不是、付出,0,0
555072319,金润吉,野花香 (Live),野花,野花、香、野,1,1
186385292,金润吉,Tell Me（韩文版）,말,말、해、줘,0,0
208056859,金润吉,DISCO,disco,disco、喜欢、dididi,1,1
423259518,金润吉,如果爱下去,很久以前,很久以前、爱、会,0,1
325704674,金润吉,牵手 (live合唱版),手,手、路、牵,1,1
6507725,金润吉,Love Love,love,love、爱情、can,1,1
434775031,金润吉,我曾用心爱着你 (DJ九零版),如此,如此、多么、总是,0,0
333002582,金润吉,再回首 (Live合唱版),再回首,再回首、曾经、恍然,1,1
37925332,金润吉,一次就好,好,好、里、男,1,1
206964138,唐伯虎Annie,西厢寻他,伯爵,伯爵、johnny、producer,0,0
355251349,唐伯虎Annie,落 (花开花落日升日没),爱,爱、人、潇然,0,0
157042638,唐伯虎Annie,伯虎说 (feat.唐伯虎Annie),人,人、问、公子王孙,0,0
515399033,唐伯虎Annie,游京 (妮蔻进行曲),中,中、游走、悠悠的,0,0
149452597,唐伯虎Annie,青丝,君不见,君不见、妾、叹,0,0
40767219,唐伯虎Annie,有些爱情放不下,有些,有些、真的、爱,1,1
159222376,唐伯虎Annie,伯虎说 (feat.唐伯虎Annie) (无鼠来宝版),人,人、问、公子王孙,0,0
355251278,唐伯虎Annie,落 (DJ德朋版),人,人、爱、花开花落,0,0
576764295,唐伯虎Annie,西厢寻他 (饮下我一干二净的牵挂),天地,天地、大、爱恨,0,0
157560354,唐伯虎Annie,伯虎说 (feat.唐伯虎Annie) (DJ阳少版),人,人、问、公子王孙,0,0
453449249,唐伯虎Annie,游京 (国潮版),中,中、京城、奏,0,0
548228875,唐伯虎Annie,游京 (敲水管DJ版),游走,游走、京城、听,0,0
452468510,唐伯虎Annie,长安姑娘 (红尘来去散无痕),春,春、人、红尘,0,1
453456895,唐伯虎Annie,长安姑娘 (封神版),人,人、春、长安,0,1
493205491,唐伯虎Annie,伯虎说 (伯虎摇),人,人、问、明月,0,0
489898801,唐伯虎Annie,伯虎说 (DJ版),问,问、明月、万年,0,0
56554906,唐伯虎Annie,你离开后的天空,不想,不想、天空、某种,0,1
379953433,唐伯虎Annie,弱水三千 (DJ细霖版),弱水三千,弱水三千、为、等,1,1
521312959,唐伯虎Annie,难解,ད,ད、ས、བ,0,0
500606503,唐伯虎Annie,莫问天涯 (莫问天涯也莫问归期),vocal,vocal、了解、制作,0,0
530605988,唐伯虎Annie,西厢寻他 (竹林外的酒家),天地,天地、大、爱恨,0,0
310675319,唐伯虎Annie,弱水三千,为,为、等、弱水三千,0,1
498271700,唐伯虎Annie,莫问归期,vocal,vocal、有时、怎,0,0
355251301,唐伯虎Annie,落 (DJ德朋X0.9降调版),人,人、爱、花开花落,0,0
516627948,唐伯虎Annie,游京 (DJ版),悠悠的,悠悠的、古城、中,0,0
15249349,杨宗纬,凉凉,女,女、男、凉凉,0,1
377413145,杨宗纬,若月亮没来 (Live),音乐,音乐、维伴、没来,0,1
3287563,杨宗纬,其实都没有,曾经,曾经、后来、特别,0,0
368698595,杨宗纬,我会好好的 (Live),音乐,音乐、深深地、维伴,0,0
6663095,杨宗纬,一次就好,想,想、好、里,0,1
257440144,杨宗纬,一次就好,想,想、好、里,0,1
23542570,杨宗纬,洋葱,一层,一层、会、能,0,0
311793321,杨宗纬,小满足,男,男、女、手,0,0
6568547,杨宗纬,红尘来去一场梦 (Live),红尘,红尘、空、一场,1,1
374640693,杨宗纬,听说你 (Live),音乐,音乐、维伴、听说,0,1
407740961,杨宗纬,我们好像在哪见过,男,男、女、记得,0,0
614114236,杨宗纬,阴天 (Live),音乐,音乐、维伴、两个,0,0
3241195,杨宗纬,空白格 (Live),爱,爱、其实、想,0,0
23665176,杨宗纬,凉凉 (Live),女,女、男、凉凉,0,1
22805822,杨宗纬,这一路走来,一路,一路、走来、多,1,1
6441966,杨宗纬,我变了 我没变,多,多、做、改变,0,0
365197400,杨宗纬,他不懂 (Live),懂,懂、音乐、心,1,1
26445014,杨宗纬,越过山丘,随,随、山丘、幸福,0,1
1080692,杨宗纬,那个男人,爱着,爱着、男人、多久,0,1
3296298,杨宗纬,初爱,爱,爱、告别、想起,1,1
293084031,杨宗纬,千金散尽,许下,许下、sbms、beijing,0,0
51571022,杨宗纬,空白格 (《一生一世》电影片尾曲),爱,爱、空白、格,0,1
523504803,杨宗纬,凉凉,凉凉,凉凉、几分、前生,1,1
216877,萧亚轩,最熟悉的陌生人,里,里、各自、爱得,0,0
221681,萧亚轩,表白,好,好、想、跟,0,0
163050916,萧亚轩,遗失的心跳,心跳,心跳、遗失、夜太深,1,1
3208050,萧亚轩,遗失的心跳,心跳,心跳、遗失、夜太深,1,1
679685,萧亚轩,突然想起你,哪里,哪里、应该、放在,0,0
76061,萧亚轩,爱的主打歌,原来,原来、主打、歌,0,1
389413,萧亚轩,类似爱情,爱,爱、爱情、有点,1,1
684062,萧亚轩,一个人的精彩,甩,甩、bye、我会,0,0
3975777,萧亚轩,最熟悉的陌生人,里,里、各自、爱得,0,0
170769,萧亚轩,最熟悉的陌生人,里,里、各自、爱得,0,0
865820,萧亚轩,错的人,明,明、但是、容易,0,0
170770,萧亚轩,爱的主打歌,原来,原来、主打、歌,0,1
3208067,萧亚轩,放爱情一个假,放,放、爱情、假期,1,1
76065,萧亚轩,他和她的故事,爱,爱、后悔、孤独,0,0
1040644,萧亚轩,吻,取代,取代、吻、要,0,1
221685,萧亚轩,然后,得到,得到、说、话,0,0
170766,萧亚轩,一个人的精彩,甩,甩、bye、我会,0,0
1044605,萧亚轩,潇洒小姐,喜欢,喜欢、潇洒、别,0,1
45841271,萧亚轩,Cappuccino,cappuccino,cappuccino、cuz、da,1,1
237952,萧亚轩,爱的主打歌,原来,原来、主打、歌,0,1
3208061,萧亚轩,类似爱情,爱,爱、爱情、有点,1,1
221684,萧亚轩,后来的我们,从前,从前、哭、笑,0,0
96919747,萧亚轩,突然想起你 (MTV版),放在,放在、哪里、突然,0,1
598386,萧亚轩,闪闪惹人爱,闪闪,闪闪、惹人爱、爱,1,1
170755,萧亚轩,他和她的故事,爱,爱、眼泪、后悔,0,0
1026357,林忆莲,至少还有你,直到,直到、全世界、失去,0,0
327537,林忆莲,为你我受冷风吹,与非,与非、关心、为,0,1
6682526,林忆莲,至少还有你,直到,直到、全世界、失去,0,0
165398,林忆莲,至少还有你 (Sentimental Version),直到,直到、失去、全世界,0,0
327535,林忆莲,伤痕,爱,爱、要、人,0,0
138018,林忆莲,词不达意,想,想、我爱你、能,0,0
228868,林忆莲,当爱已成往事,女,女、男、痛,0,0
327577,林忆莲,爱上一个不回家的人,苦苦,苦苦、爱上、回家,0,1
27786821,林忆莲,至少还有你,直到,直到、全世界、失去,0,0
95862,林忆莲,当爱已成往事,女,女、男、人生,0,0
4643940,林忆莲,为你我受冷风吹,与非,与非、关心、为,0,1
120489,林忆莲,灰色,hahaha,hahaha、心中、灰色,0,1
330942553,林忆莲,归零,reset,reset、未来、世界,0,0
51419756,林忆莲,失踪,忘,忘、人、这个,0,0
327536,林忆莲,听说爱情回来过,一种,一种、见、想见,0,0
5079692,林忆莲,为你我受冷风吹 (Live in Hong Kong/2011),以为,以为、会试、为,0,1
165285,林忆莲,为你我受冷风吹,与非,与非、关心、为,0,1
38610866,林忆莲,不必在乎我是谁,想,想、真的、有人,0,0
1028090,林忆莲,伤痕,爱,爱、要、人,0,0
410465994,林忆莲,至少还有你 (40赫兹伽马公益版),直到,直到、全世界、失去,0,0
45825567,林忆莲,至少还有你,直到,直到、全世界、失去,0,0
57532,林忆莲,听说爱情回来过,一种,一种、见、想见,0,0
51573365,林忆莲,远走高飞,忘记,忘记、说、慢慢,0,0
225023306,林忆莲,当爱已成往事,女,女、男、人生,0,0
16854414,林忆莲,不必在乎我是谁 (Live),想,想、真的、有人,0,0
29530546,李宗盛,鬼迷心窍,也好,也好、虽然、人,0,0
3415087,李宗盛,山丘,山丘,山丘、喋喋不休、越过,1,1
338261,李宗盛,凡人歌 (Live),多少,多少、皆、凡人,0,1
12804012,李宗盛,不必在乎我是谁 (Live),想,想、真的、有人,0,0
29178261,李宗盛,凡人歌,多少,多少、皆、凡人,0,1
7121445,李宗盛,鬼迷心窍,也好,也好、虽然、人,0,0
3142540,李宗盛,爱的代价,走,走、曾、为,0,0
1025952,李宗盛,我终于失去了你 (Live),终于,终于、当、失去,1,1
51497920,李宗盛,读你,读,读、千遍、厌倦,1,1
12804011,李宗盛,飘洋过海来看你 (Live),曾,曾、陌生、城市,0,0
1164385,李宗盛,凡人歌,多少,多少、皆、凡人,0,1
22852832,李宗盛,凡人歌,多少,多少、皆、凡人,0,1
701435,李宗盛,给自己的歌,闻,闻、不得、想,0,0
12803990,李宗盛,鬼迷心窍 (Live),也好,也好、虽然、人,0,0
29178250,李宗盛,鬼迷心窍,也好,也好、虽然、人,0,0
29315289,李宗盛,凡人歌,多少,多少、皆、凡人,0,1
12804015,李宗盛,晚婚 (Live),能,能、擦、脸上,0,0
224354486,李宗盛,鬼迷心窍,也好,也好、虽然、人,0,0
989133,李宗盛,领悟 (Live),领悟,领悟、爱、曾,1,1
1090120,李宗盛,鬼迷心窍,也好,也好、虽然、人,0,0
153883,谢霆锋,谢谢你的爱1999,人,人、伤、有多深,0,0
153836,谢霆锋,因为爱所以爱,爱,爱、不用、美好,1,1
153738,谢霆锋,黄种人,越,越、黄、黄种人,0,1
322319,谢霆锋,活着Viva,像,像、般、快活,0,0
452688671,谢霆锋,逆行,如,如、似、只想,0,0
3924399,谢霆锋,只要为你活一天,只要,只要、为、再活,1,1
322322,谢霆锋,游乐场,游乐,游乐、想、秒,1,1
4239772,谢霆锋,要我怎么忘了他,忘,忘、要、说,1,1
520326,谢霆锋,因为爱所以爱,爱,爱、不用、美好,1,1
153824,谢霆锋,谢谢你的爱1999,人,人、伤、有多深,0,0
480801551,谢霆锋,香水,习惯,习惯、香水味、感觉,0,0
217136,谢霆锋,玉蝴蝶,叫,叫、如何、蝴蝶,0,1
153918,谢霆锋,爱后余生,爱,爱、人、即使,1,1
207549260,谢霆锋,我们这里还有鱼,游,游、鱼、谢,0,1
88135720,谢霆锋,因为爱所以爱 (单曲),爱,爱、不用、美好,1,1
322330,谢霆锋,一击即中,双倍,双倍、力量、不怕,0,0
322343,谢霆锋,香水,早已,早已、习惯、香水味,0,0
153924,谢霆锋,不要说谎,说谎,说谎、不再、说,1,1
6959363,谢霆锋,谢谢你的爱1999,人,人、伤、有多深,0,0
520299,谢霆锋,281公里,寂寞,寂寞、公里、出口,0,1
113646,谢霆锋,无声仿有声,好,好、情人、代替,0,0
322334,谢霆锋,罪人,一点,一点、相识、觅,0,0
153933,谢霆锋,非走不可,这条,这条、路、相恋,0,0
97041203,谢霆锋,平凡之路,曾经,曾经、走、via,0,0
96832,阿杜,撕夜,冷冷的,冷冷的、人、电话,0,0
353537,阿杜,撕夜,冷冷的,冷冷的、人、电话,0,0
353543,阿杜,下雨的时候会想你,想,想、雨、应该,1,1
57136,阿杜,Andy,曾经,曾经、人、站,0,0
1028308,阿杜,他一定很爱你,一定,一定、爱、比,1,1
96822,阿杜,离别,离别,离别、心、要,1,1
1028311,阿杜,离别,离别,离别、心、要,1,1
9880300,阿杜,天黑 (Live),要,要、天黑、风若停,0,1
1028309,阿杜,天天看到你,爱,爱、天天、可能,0,1
238200,阿杜,坚持到底,坚持到底,坚持到底、四个、字,1,1
1076202,阿杜,他一定很爱你,一定,一定、爱、比,1,1
22828285,阿杜,撕夜,冷冷的,冷冷的、人、电话,0,0
313052,阿杜,天黑,要,要、天黑、风若停,0,1
96820,阿杜,Andy,曾经,曾经、人、站,0,0
142534,阿杜,坚持到底,坚持到底,坚持到底、四个、字,1,1
1027382,阿杜,天天看到你,爱,爱、天天、可能,0,1
1027381,阿杜,撕夜,冷冷的,冷冷的、人、电话,0,0
142531,阿杜,离别,离别,离别、心、要,1,1
217575,阿杜,他一定很爱你,一定,一定、爱、比,1,1
23547401,阿杜,Andy (前半 Live),要,要、人、站,0,0
534845023,阿杜,越陷越深 (Live),音乐,音乐、维伴、越陷越深,0,1
96831,阿杜,坚持到底,坚持到底,坚持到底、四个、字,1,1
142543,阿杜,你就像个小孩,像,像、个、小孩,1,1
316733,阿杜,无法阻挡,阻挡,阻挡、希望、伤,1,1
217577,阿杜,天天看到你,爱,爱、天天、可能,0,1
142801,陈百强,偏偏喜欢你,为何,为何、失去、已,0,0
994996,陈百强,一生何求,一生何求,一生何求、已、料到,1,1
90862,陈百强,一生何求,一生何求,一生何求、已、料到,1,1
9564949,陈百强,一生何求-,一生何求,一生何求、已、料到,1,1
321856155,陈百强,偏偏喜欢你 (3D环绕版),为何,为何、失去、已,0,0
4205604,陈百强,一生不变,分开,分开、痴心、吻,0,0
87326,陈百强,偏偏喜欢你,为何,为何、失去、已,0,0
56127798,陈百强,偏偏喜欢你,为何,为何、失去、已,0,0
55319535,陈百强,念亲恩,长夜,长夜、空虚、父母亲,0,0
87327,陈百强,今宵多珍重,愁绪,愁绪、相、放下,0,0
142806,陈百强,不,请,请、问、不想,0,0
309957278,陈百强,偏偏喜欢你,为何,为何、失去、已,0,0
1121422,陈百强,一生何求,一生何求,一生何求、已、料到,1,1
87336,陈百强,念亲恩,长夜,长夜、空虚、父母亲,0,0
11047298,陈百强,偏偏喜欢你,为何,为何、失去、已,0,0
2791008,陈百强,偏偏喜欢你,为何,为何、失去、已,0,0
217893,陈百强,偏偏喜欢你,为何,为何、失去、已,0,0
1038124,陈百强,偏偏喜欢你,为何,为何、失去、已,0,0
2791242,陈百强,涟漪,全,全、变出、生活,0,0
6760532,陈百强,一生何求,一生何求,一生何求、已、料到,1,1
217920,陈百强,等,心里,心里、糊涂、一生,0,0
22816217,陈百强,今宵多珍重,愁绪,愁绪、相、放下,0,0
28733755,陈百强,烟雨凄迷,一天,一天、终于、疑问,0,0
2791131,陈百强,相思河畔,带,带、浪、出,0,0
142890,陈百强,孤寂,走进,走进、伴、困倦,0,0
481552,韩宝仪,粉红色的回忆,忘记,忘记、夏天、心底,0,0
481565,韩宝仪,无奈的思绪,无奈,无奈、思绪、从此,1,1
558644,韩宝仪,往事只能回味,时光,时光、回、春风,0,1
267291,韩宝仪,舞女,人,人、啊啊啊、多少,0,0
1250134,韩宝仪,舞女泪,摇,摇、cha、tango,0,0
23543636,韩宝仪,舞女泪,摇,摇、cha、伴舞,0,0
234993,韩宝仪,舞女泪,摇,摇、cha、伴舞,0,0
267533,韩宝仪,你潇洒我漂亮,潇洒,潇洒、漂亮、还要,1,1
831152,韩宝仪,萍聚,曾经,曾经、别管、以后,0,0
321846236,韩宝仪,抹去泪水,人生,人生、旅途、喜,0,0
270927,韩宝仪,一去不回头,叫,叫、等到、说,0,0
270791,韩宝仪,抹去泪水,人生,人生、旅途、喜,0,0
1250158,韩宝仪,痴情的爱,爱上你,爱上你、叫、容易,0,0
1119657,韩宝仪,错误的爱,了解,了解、偏偏、情爱,0,0
234992,韩宝仪,无奈的思绪,无奈,无奈、思绪、从此,1,1
2098665,韩宝仪,往事只能回味,时光,时光、回、春风,0,1
269235632,韩宝仪,你怎么说,说,说、忘记、两天,1,1
4841383,韩宝仪,无言的温柔,爱,爱、请、到底,0,0
23543634,韩宝仪,抹去泪水,人生,人生、旅途、喜,0,0
282785,韩宝仪,舞女,人,人、多少、生活,0,0
23349912,韩宝仪,痴情的爱,爱上你,爱上你、叫、容易,0,0
1250135,韩宝仪,你潇洒我漂亮,潇洒,潇洒、漂亮、还要,1,1
91169066,韩宝仪,粉红色的回忆,忘记,忘记、夏天、心底,0,0
28707762,韩宝仪,除了你,告诉,告诉、是不是、已,0,0
91345555,韩宝仪,无言的温柔,爱,爱、请、无言,0,1
581316044,Grimmmz,老己进行曲（氛围鼓点版）,爱,爱、特别、会,0,0
453732946,Grimmmz,拼好歌 (拼好饭) (2024合集版),感谢,感谢、聆听、谢谢,0,0
570384574,Grimmmz,蹦迪进行曲 (动感嗨曲),more,more、多、dance,0,0
537149404,Grimmmz,FreeLucky  go girl（北纬67度以北的雪）,like,like、如、go,0,1
581316230,Grimmmz,五月的天刚诞生的夏天（破碎鼓点版）,月,月、一天、天刚,1,1
581315841,Grimmmz,就这样莫名其妙的爱上你（DJ氛围版）,爱上你,爱上你、莫名其妙、微笑,1,1
562237024,Grimmmz,NEXT 电音 (破碎旋律版),纯音乐,纯音乐、请、欣赏,0,0
581213806,Grimmmz,旧时的爱已经逝去,爱,爱、会、落泪,1,1
584414672,Grimmmz,心似烟火 (氛围律动版),一朵,一朵、寂寞、转身,0,0
558584520,Grimmmz,蛋糕店里卖蛋糕 (废话语录版),里,里、能、卖,1,1
621035762,Grimmmz,来杯好茶摇一摇 (DJ来财摇),also,also、will、bring,0,0
557243036,Grimmmz,爱我你就抱抱我(忧郁幻昼版),爱,爱、夸夸、抱抱,1,1
570430955,Grimmmz,Fever Pitch (高燃带感),fever,fever、like、body,1,1
478529838,Grimmmz,We Don't Talk Anymore (地球脉动),don,don、不再、anymore,1,1
539153502,Grimmmz,REVENGE(燃版Slow),本,本、作品、为,0,0
596197897,Grimmmz,伯虎说 最炫民族风 国宝特攻 疯狂国宝 (动感进行曲),嘿吼,嘿吼、嘿哈、天籁,0,0
566986541,Grimmmz,Versatile (Funk Slowed),style,style、风格、new,0,0
555368202,Grimmmz,Stay With Me Type Beat (律动版),stay,stay、say、留在,1,1
578381363,Grimmmz,passion (带感高燃进行曲),cause,cause、make、believe,0,0
563332181,Grimmmz,没有多难 没有遗憾 (DJ动感版),多难,多难、遗憾、哭喊,1,1
502980,郭静,心墙,一道,一道、墙、窗,0,1
384997,郭静,爱情讯息,爱情,爱情、想念、变成,1,1
385005,郭静,下一个天亮,有些,有些、等、下,0,1
512646204,郭静,爱情讯息 (Live),爱情,爱情、会、每次,1,1
40961060,郭静,下一个天亮,有些,有些、等、下,0,1
3460514,郭静,下一个天亮,有些,有些、等、下,0,1
618182924,郭静,我以为,原来,原来、打扰、那些,0,0
40961020,郭静,心墙,一道,一道、墙、窗,0,1
502981,郭静,在树上唱歌,树上,树上、唱歌、要,1,1
1080127,郭静,又是艳阳天,艳阳天,艳阳天、一点、或许,1,1
533117902,郭静,好像 (Live),原来,原来、好像、音乐,0,1
509984738,郭静,好像,原来,原来、好像、如何,0,1
263015,郭静,你的香气,香气,香气、曾经、已,1,1
28738547,郭静,风景旧曾谙,女,女、梦、今生,0,0
272002269,郭静,心墙 (40秒DJ版片段),一道,一道、墙、窗,0,1
844355,郭静,每一天都不同,每,每、一天、比,1,1
262996,郭静,我不想忘记你,努力,努力、想起、学会,0,0
83733636,郭静,烦恼歌 (Live),啊啊啊,啊啊啊、烦恼、除了,0,1
89863560,郭静,青春不打烊,青春,青春、一刻、打烊,1,1
27786958,郭静,拥抱你的微笑,幸福,幸福、遇见、仰望,0,0
566451124,郭静,半日闲,孙晟睿,孙晟睿、只、绕,0,0
267698395,郭静,心墙 (Live),一道,一道、墙、窗,0,1
529320502,郭静,下一个天亮 (2025-2026湖南卫视跨年晚会现场),有些,有些、等、下,0,1
384999,郭静,不药而愈,看,看、伤心、痊愈,0,0
1080114,郭静,陪着我的时候想着她,陪,陪、想、多,1,1
336132931,王宇宙Leto,若月亮没来 (若是月亮还没来),若,若、没来、吹,1,1
354485711,王宇宙Leto,若月亮没来 (DJ阿卓版),若,若、没来、吹,1,1
363332596,王宇宙Leto,若月亮没来,若,若、没来、吹,1,1
407923479,王宇宙Leto,城北的花,想,想、世界、远方,0,0
354133566,王宇宙Leto,若月亮没来 (DJ铁柱版),若,若、没来、吹,1,1
358994119,王宇宙Leto,若月亮没来 (吉他版),若,若、没来、吹,1,1
364278375,王宇宙Leto,若月亮没来 (治愈版),若,若、没来、吹,1,1
472493468,王宇宙Leto,城北的花 (Live),音乐,音乐、维伴、想,0,0
514386619,王宇宙Leto,病态的爱,带给,带给、多、永恒,0,0
482269372,王宇宙Leto,若月亮没来   天亮以前说再见   不要慌太阳下山有月光 (Live),音乐,音乐、维伴、月亮,0,1
485829407,王宇宙Leto,雾里,雾里,雾里、别、清晰,1,1
411205632,王宇宙Leto,山南的风吹到北 (治愈版),山南,山南、风吹、到北,1,1
518698197,王宇宙Leto,檐下花飞过,门前,门前、檐下、花,0,1
365394204,王宇宙Leto,那时白云悠悠,总,总、那时、白云悠悠,0,1
478891763,王宇宙Leto,若月亮没来 (Live),没来,没来、吹、若,1,1
373178589,王宇宙Leto,月光摇摇晃,摇,摇、游、阿嬷,1,1
298667426,王宇宙Leto,不分手的恋爱 (cover: 小鞠) (Demo),爱,爱、说、恨,1,1
424016799,王宇宙Leto,晚归的人,帧,帧、看见、列车,0,0
520135524,王宇宙Leto,亲爱的你啊,会,会、翻过、山,0,0
379603222,王宇宙Leto,若你是那颗繁星,不离,不离、不弃、繁星,0,1
411209673,王宇宙Leto,等风吹过来,等,等、吹过来、风,1,1
446327883,王宇宙Leto,只为你着迷,忽远,忽远、忽近、着迷,0,1
505039230,王宇宙Leto,若月亮没来 (2025安徽卫视中秋歌会现场),若,若、没来、吹,1,1
467271991,王宇宙Leto,城北的花 (DJ阿智版),远方,远方、想、城北,0,1
208456,张惠妹,我可以抱你吗,抱,抱、就要、爱,1,1
7134989,张惠妹,不该 (with aMEI),合,合、amei、jay,0,1
64462,张惠妹,听海,心,心、梦、听,0,1
7134345,张惠妹,不该,合,合、amei、jay,0,0
1003766,张惠妹,我最亲爱的,亲爱,亲爱、怎么样、日子,1,1
281087,张惠妹,如果你也听说,会,会、依然、人,0,0
63422,张惠妹,趁早,要,要、想、趁早,0,1
7233319,张惠妹,姊妹,姐妹,姐妹、记得、笑,0,0
202388213,张惠妹,对等关系,amei,amei、浩、li,0,0
36958857,张惠妹,连名带姓,多少,多少、头、错,0,0
3343977,张惠妹,我可以抱你吗,抱,抱、就要、爱,1,1
125861,张惠妹,人质,爱,爱、相爱、变成,0,0
1179143,张惠妹,Bad Boy,bad,bad、boy、坏男孩,1,1
280733,张惠妹,听海,心,心、梦、听,0,1
4084242,张惠妹,如果你也听说,会,会、依然、人,0,0
322641,张惠妹,最爱的人伤我最深,最深,最深、爱、人伤,1,1
75606,张惠妹,趁早,要,要、想、趁早,0,1
1041724,张惠妹,记得,说,说、记得、走,0,1
28731901,张惠妹,解脱,解脱,解脱、自由、人,1,1
296139,张惠妹,别在伤口洒盐,爱,爱、别、昨天,0,1
64501,张惠妹,站在高岗上,喂,喂、岗上、站,0,1
292422,张惠妹,最爱的人伤我最深,最深,最深、爱、人,1,1
839418,张惠妹,哭砂,砂,砂、风吹、尘埃,1,1
982447,张惠妹,哭砂,砂,砂、风吹、尘埃,1,1
225319341,张惠妹,相亲相爱,天下,天下、相亲、相爱,0,1
165018,李翊君,雨蝶,飞,飞、温柔、美,0,0
324107,李翊君,诺言,爱,爱、人、为,0,0
59585,李翊君,雨蝶,飞,飞、温柔、美,0,0
511284,李翊君,风中的承诺,多少,多少、曾经、说,0,0
2801777,李翊君,诺言,爱,爱、人、为,0,0
90154,李翊君,萍聚,曾经,曾经、别管、以后,0,0
5043544,李翊君,永远永远,永远,永远、已、别,1,1
836471,李翊君,雨蝶,飞,飞、温柔、美,0,0
2801784,李翊君,萍聚,曾经,曾经、别管、以后,0,0
78213,李翊君,七情六欲,七情六欲,七情六欲、笑、哭,1,1
40960715,李翊君,风中的承诺,多少,多少、曾经、说,0,0
449637,李翊君,风中的承诺,多少,多少、曾经、说,0,0
239806,李翊君,痛,痛,痛、天、要,1,1
6187877,李翊君,雨蝶,飞,飞、温柔、美,0,0
383553865,李翊君,诺言,爱,爱、人、为,0,0
40975893,李翊君,多情人都把灵魂给了谁,多,多、情人、为何,1,1
90167,李翊君,风中的承诺,多少,多少、曾经、说,0,0
123341,李翊君,漂洋过海来看你,曾,曾、陌生、城市,0,0
2809194,李翊君,多情人都把灵魂给了谁,多,多、情人、为何,1,1
324126,李翊君,雨蝶,飞,飞、温柔、美,0,0
51575171,李翊君,爱我，你怕了吗,爱,爱、眼泪、怕,1,1
54734,李翊君,红雨,雨,雨、红雨、红红的,1,1
2809205,李翊君,痛,痛,痛、要、不到,1,1
2809208,李翊君,沙漠寂寞,寂寞,寂寞、沙漠、中,1,1
213779886,李翊君,永远永远,永远,永远、已、别,1,1
89427629,王艳薇,离开我的依赖,有点,有点、痛快、离开,0,1
488007180,王艳薇,离开我的依赖 (DJ铁柱),痛快,痛快、离开、依赖,0,1
531517512,王艳薇,离开我的依赖 (Live),音乐,音乐、维伴、有点,0,0
488223194,王艳薇,离开我的依赖 (DJ豪大大),有点,有点、来不及、道声,0,0
488457984,王艳薇,离开我的依赖 (架子鼓),有点,有点、来不及、道声,0,0
488467104,王艳薇,离开我的依赖 (氛围版),有点,有点、痛快、离开,0,1
51918076,王艳薇,天使亲吻过的声音,只要,只要、失去、能,0,0
319389799,王艳薇,我们 (feat. 李杰明),身旁,身旁、不再、阳光,0,0
474171472,王艳薇,离开我的依赖 (DJ 阿树版),有点,有点、痛快、离开,0,1
487723012,王艳薇,离开我的依赖 (DJHZ),有点,有点、痛快、离开,0,1
51918066,王艳薇,框不住的爱,爱,爱、存在、框,1,1
147920807,王艳薇,框不住的爱,爱,爱、存在、框,1,1
41246105,王艳薇,无色忧伤,曾经,曾经、为、你够,0,0
530052736,王艳薇,离开我的依赖 (2026有歌第二季现场),有点,有点、痛快、离开,0,1
498927146,王艳薇,离开我的依赖 (0.8x),有点,有点、痛快、离开,0,1
501750297,王艳薇,离开我的依赖 (悄悄做个梦给你),梦到,梦到、身旁、当,0,0
256151552,王艳薇,蓝色女孩,爱,爱、存在、本能,0,0
498927262,王艳薇,离开我的依赖 (0.95x),有点,有点、痛快、离开,0,1
474171090,王艳薇,离开我的依赖 (DJ 阿罗版),有点,有点、痛快、离开,0,1
545831525,王艳薇,爱过的样子,谢谢,谢谢、样子、原来,0,1
51918070,王艳薇,无色忧伤,曾经,曾经、为、你够,0,0
564786295,王艳薇,记得吗,记住,记住、该、忘记,0,0
291465062,王艳薇,Take Me to the Edge,take,take、edge、心,1,1
144372284,王艳薇,River,now,now、kisses、so,0,0
4100778,方大同,特别的人,人,人、爱、要,1,1
2836480,方大同,春风吹,春风,春风、吹、一吹,1,1
3199885,方大同,麦恩莉,爱,爱、感谢、曾经,0,0
407348614,方大同,才二十三,变成,变成、岁月、眨眼,0,0
349233,方大同,Love Song,一首,一首、love、song,0,1
222609,方大同,爱爱爱,爱,爱、找、人家,1,1
3632474,方大同,红豆,有时候,有时候、会、我会,0,0
16176660,方大同,三人游,就算,就算、或许、by,0,0
216646668,方大同,清楚点,点,点、清楚、看清楚,1,1
4100780,方大同,天气先生,maybe,maybe、人、everybody,0,0
349238,方大同,够不够,say,say、goodbye、don,0,0
3199884,方大同,关于爱的定义,多久,多久、要、有些,0,0
546529,方大同,为你写的歌,wrote,wrote、像、cause,0,0
41223290,方大同,红豆,有时候,有时候、会、我会,0,0
547110,方大同,Nothing's Gonna Change My Love For You,love,love、爱、change,1,1
28508327,方大同,听,听,听、音乐、说,1,1
457111,方大同,每个人都会,love,love、爱、人,0,1
1652140,方大同,因为你,是因为,是因为、写、天气,0,0
382807,方大同,复刻回忆,回忆,回忆、复刻、男,1,1
222615,方大同,苏丽珍,最后,最后、想、人,0,0
349236,方大同,爱在,爱,爱、无处不在、期待,1,1
3632456,方大同,春风吹,春风,春风、吹、一吹,1,1
457115,方大同,小小虫,对不起,对不起、小虫、虫,0,1
3632470,方大同,三人游,就算,就算、或许、爱,0,0
358387161,方大同,特别的人 (Live),人,人、爱、特别,1,1
66517137,叶蒨文,潇洒走一回,留,留、一半、潇洒走,0,1
6206895,叶蒨文,曾经心痛,曾经,曾经、心痛、为何,1,1
1035041,叶蒨文,潇洒走一回,留,留、一半、岁月,0,0
56059534,叶蒨文,春风秋雨,爱,爱、始终、相信,0,0
16361913,叶蒨文,潇洒走一回,留,留、一半、潇洒走,0,1
16932154,叶蒨文,祝福,祝福,祝福、转、衷心,1,1
84955,叶蒨文,爱的可能,会,会、人、等,0,0
16176670,叶蒨文,情人知己,知己,知己、成为、相恋,1,1
269819,叶蒨文,秋去秋来,秋,秋、秋来、可,1,1
218006855,叶蒨文,海阔天空 (Live),牛班,牛班、newband、怕,0,0
324349,叶蒨文,真心真意过一生,人生,人生、一生、何不,0,1
842455,叶蒨文,选择,选择,选择、男、女,1,1
152955504,叶蒨文,明天会更好 (1997香港回归晚会),青春,青春、笑容、唱出,0,0
14555937,叶蒨文,瀟灑走一回,留,留、一半、潇洒走,0,0
51421726,叶蒨文,选择,选择,选择、男、女,1,1
282931,叶蒨文,曾经心痛,曾经,曾经、心痛、为何,1,1
225425567,叶蒨文,东方之珠 (Live),请,请、别忘记、永远,0,0
22805041,叶蒨文,曾经心庝 (Live),曾经,曾经、心疼、为何,1,1
222176154,叶蒨文,敢爱敢做 (Live),不需,不需、牛班、newband,0,0
51522644,叶蒨文,伤逝 (国语版),只好,只好、已、爱,0,0
171748,叶蒨文,敢爱敢做 (Live),不需,不需、身边、街边,0,0
7248458,叶蒨文,曾经心痛,曾经,曾经、心痛、为何,1,1
87533,叶蒨文,潇洒走一回,留,留、一半、潇洒走,0,1
6857876,叶蒨文,情人知己,知己,知己、成为、相恋,1,1
3033617,叶蒨文,珍重,纵,纵、两地、一生,0,0
472152,潘玮柏,不得不爱,爱,爱、love、天天,1,1
133520,潘玮柏,我想更懂你,想,想、懂、用,1,1
501687,潘玮柏,双人舞,love,love、okay、say,0,0
295904,潘玮柏,不得不爱,爱,爱、love、天天,1,1
501686,潘玮柏,亲爱的,叮咚,叮咚、弹奏着、快乐,0,0
150730,潘玮柏,爱上未来的你,捍卫,捍卫、约定、爱情,0,0
540360,潘玮柏,快乐崇拜,快乐,快乐、请、男,1,1
133516,潘玮柏,反转地球,wow,wow、bow、around,0,0
150726,潘玮柏,我的麦克风,观众,观众、麦克风、抢走了,0,1
84242,潘玮柏,壁虎漫步,壁虎,壁虎、come、漫步,1,1
588551,潘玮柏,听妈妈的话 (Live),周,周、妈妈、潘,0,1
22811674,潘玮柏,Tell Me,爱,爱、tell、要,0,1
395381,潘玮柏,快乐崇拜,快乐,快乐、请、跟我来,1,1
55299462,潘玮柏,攀登 (Live),high,high、爱、so,0,0
150729,潘玮柏,我们都会错,爱情,爱情、习题、一种,0,0
289944419,潘玮柏,有没有一首歌会让你想起我 (Live),音乐,音乐、过去、维伴,0,0
190346826,潘玮柏,快乐崇拜,快乐,快乐、男、请,1,1
190293712,潘玮柏,Tell Me,爱,爱、tell、要,0,1
347667,潘玮柏,快乐崇拜,快乐,快乐、男、请,1,1
5059859,潘玮柏,路太弯,路,路、太弯、转,1,1
7037143,潘玮柏,重返十七岁,鹿晗,鹿晗、能、敢不敢,0,0
2216601,潘玮柏,U U U,love,love、crazy、over,0,0
190307263,潘玮柏,不得不爱,爱,爱、love、天天,1,1
3831661,Justin Bieber,Beauty And A Beat,aye,aye、all、beauty,0,1
184556963,Justin Bieber,STAY (Explicit),woah,woah、做、stay,0,1
797784,Justin Bieber,Baby,宝贝,宝贝、like、mine,0,0
39749787,Justin Bieber,Baby,宝贝,宝贝、like、mine,0,0
1228618,Justin Bieber,As Long As You Love Me,as,as、love、爱,1,1
28520103,Justin Bieber,Baby (Album Version),宝贝,宝贝、like、mine,0,0
184600062,Justin Bieber,STAY (Clean),woah,woah、做、stay,0,1
170904560,Justin Bieber,Peaches (Explicit),get,get、shit、from,0,0
89634359,Justin Bieber,Come Around Me,when,when、当、时,0,0
613628846,Justin Bieber,ALL I CAN TAKE,all,all、已、can,1,1
619725,Justin Bieber,Love Me,love,love、爱、ya,1,1
38617422,Justin Bieber,Despacito (Remix),que,que、tu、á,0,0
666970,Justin Bieber,Baby,宝贝,宝贝、like、mine,0,0
257754984,Justin Bieber,Baby,宝贝,宝贝、yo、uh,0,0
156755662,Justin Bieber,Monster,duh,duh、what、da,0,0
6673573,Justin Bieber,What Do You Mean?,what,what、mean、意思,1,1
7203846,Justin Bieber,Let Me Love You,nah,nah、let、never,0,1
6700608,Justin Bieber,Love Yourself,should,should、释怀、love,0,1
89644056,Justin Bieber,Intentions,don,don、need、make,0,0
6673572,Justin Bieber,Sorry,sorry,sorry、too、道歉,1,1
613628944,Justin Bieber,DAISIES,all,all、get、can,0,0
187376328,Justin Bieber,Love Yourself,should,should、释怀、love,0,1
1228609,Justin Bieber,Beauty and a Beat,all,all、beauty、tonight,0,1
619727,Justin Bieber,One Time,one,one、time、girl,1,1
142201454,Justin Bieber,Eenie Meenie (Album Version),eenie,eenie、meenie、miney,1,1
6749207,Alan Walker,Faded,where,where、now、如今,0,0
75869297,Alan Walker,Play,旋律,旋律、为、played,0,0
28660541,Alan Walker,The Spectre,面对,面对、hello、live,0,0
12442905,Alan Walker,Alone,un,un、de、é,0,0
224414588,Alan Walker,Fade,该,该、歌曲、为,0,0
41362948,Alan Walker,Ignite,one,one、touch、只,0,0
65633689,Alan Walker,On My Way (Explicit),已,已、so、踏上,0,0
224414564,Alan Walker,Spectre,此,此、歌曲、为,0,0
30142598,Alan Walker,All Falls Down,fine,fine、all、我会,0,1
49036768,Alan Walker,Darkside,无边,无边、黑暗、dark,0,1
36615676,Alan Walker,Faded,where,where、now、如今,0,0
7113192,Alan Walker,Sing Me to Sleep,伴,伴、sing、sleep,0,1
481666858,Alan Walker,Old Habits,but,but、made、í,0,0
27780765,Alan Walker,Hymn For The Weekend (Remix),high,high、so、天际,0,0
40171818,Alan Walker,Legends Never Die (Alan Walker Remix),never,never、legends、die,1,1
59448098,Alan Walker,Faded,where,where、now、如今,0,0
6245379,Alan Walker,Fade,该,该、歌曲、为,0,0
77343665,Alan Walker,Sad Sometimes,by,by、不必、已,0,0
59448407,Alan Walker,Lost Control,lost,lost、don、control,1,1
91086203,Alan Walker,End of Time,by,by、re、ll,0,0
302275602,Alan Walker,The Spectre,面对,面对、hello、live,0,0
322571557,Alan Walker,Fire!,every,every、time、touch,0,0
59448095,Alan Walker,All Falls Down,fine,fine、好、ll,0,1
6568057,Alan Walker,Spectre,此,此、歌曲、为,0,0
9929254,A-Lin,天若有情,天,天、若有情、亦,1,1
55308191,A-Lin,有一种悲伤,一种,一种、悲伤、录音室,1,1
3783780,A-Lin,给我一个理由忘记,理由,理由、爱、人,1,1
3214946,A-Lin,幸福了 然后呢,爱,爱、是不是、记得,0,0
28663893,A-Lin,无人知晓的我,那些,那些、无人知晓、声,0,1
477344271,A-Lin,忘了 (Live),音乐,音乐、维伴、爱,0,0
254895,A-Lin,爱，请问怎么走,爱,爱、走、说,1,1
125584,A-Lin,失恋无罪,人,人、万岁、失恋,0,1
517294773,A-Lin,爱就一个字 (Live),爱,爱、mx、band,1,1
6196345,A-Lin,拿走了什么,拿走,拿走、几次、说,1,1
215067780,A-Lin,Link电台,derrick,derrick、sepnio、张德铭,0,0
539095905,A-Lin,故乡的云 (Live),归来,归来、故乡、哟,0,1
518904359,A-Lin,爱错 (Live),王赫野,王赫野、从来、lin,0,0
402553,A-Lin,P.S.我爱你,我爱你,我爱你、有些、值得,1,1
34555312,A-Lin,月牙湾 (Live),爱,爱、凝固、用,0,0
536845600,A-Lin,龙的传人 (Live),mx,mx、band、东方,0,0
914649,A-Lin,给我一个理由忘记,理由,理由、爱、人,1,1
270860903,A-Lin,给我一个理由忘记 (Live),音乐,音乐、理由、爱,0,1
628846,A-Lin,现在我很幸福,爱,爱、像、有时,0,0
382349531,A-Lin,天后 (Live),音乐,音乐、维伴、天后,0,1
6202525,A-Lin,给我一个理由忘记 (Live),理由,理由、人、想,1,1
6351577,A-Lin,爱 (Live),总,总、过去、总会,0,0
594579682,A-Lin,一个人,人,人、电费、贵,1,1
384565879,A-Lin,连名带姓 (Live),音乐,音乐、维伴、头,0,0
314330553,A-Lin,天若有情 (Live),天,天、若有情、亦,1,1
3202719,草蜢,半点心,交给,交给、心、爱,0,1
3202659,草蜢,失恋阵线联盟,曾经,曾经、记忆里、画,0,0
91342,草蜢,失恋,将,将、一起、应,0,0
175024,草蜢,宝贝，对不起,对不起,对不起、宝贝、愿意,1,1
2285353,草蜢,半点心,交给,交给、心、爱,0,1
1076335,草蜢,失恋阵线联盟,曾经,曾经、记忆里、画,0,0
492445540,草蜢,半点心 (黑胶版),交给,交给、心、爱,0,1
3201743,草蜢,半点心(国语版),心,心、好、爱,1,1
625104,草蜢,失恋阵线联盟,曾经,曾经、记忆里、画,0,0
370597757,草蜢,特别的爱给特别的你   爱   水手   失恋阵线联盟   十七岁那年的雨季   大海   花心   雨一直下   挪威的森林   心太软 (网友改编),特别,特别、说声、带走,1,1
378474015,草蜢,失恋阵线联盟 (黑胶版),曾经,曾经、失恋、总是,0,1
99172,草蜢,失恋,将,将、一起、应,0,0
255776,草蜢,宝贝对不起,对不起,对不起、宝贝、愿意,1,1
51683464,草蜢,失恋阵线联盟 (DJ版),曾经,曾经、失恋、总是,0,1
5335522,草蜢,忘情森巴舞,森巴舞,森巴舞、一起、不满,1,1
608432,草蜢,失恋,将,将、一起、应,0,0
7319449,草蜢,OPENING / 星光灿烂 (Live in Hong Kong / 1990),amour,amour、利亚、耶,0,0
119056,草蜢,宝贝，对不起,对不起,对不起、宝贝、愿意,1,1
3986590,草蜢,半点心,交给,交给、心、爱,0,1
4904655,草蜢,永远爱着您,无论,无论、爱、爱全,0,1
11680041,草蜢,宝贝，对不起,对不起,对不起、宝贝、愿意,1,1
22867296,草蜢,失恋阵线联盟,曾经,曾经、记忆里、画,0,0
22821060,草蜢,失恋,将,将、一起、应,0,0
26062775,草蜢,半点心,交给,交给、心、爱,0,1
51520642,陈慧琳,记事本,痛,痛、哭、爱,0,0
22809628,陈慧琳,都是你的错,女,女、男、错,0,1
86371,陈慧琳,记事本,痛,痛、哭、爱,0,0
23639474,陈慧琳,心服口服,比,比、心服、舒服,0,1
28394454,陈慧琳,记事本,痛,痛、哭、爱,0,0
323422,陈慧琳,花花宇宙,多,多、oo、高,0,0
511263,陈慧琳,制造浪漫,浪漫,浪漫、之中、制造,1,1
185014865,陈慧琳,记事本,痛,痛、哭、爱,0,0
323420,陈慧琳,不如跳舞,跳舞,跳舞、全世界、不如,1,1
217743,陈慧琳,不如跳舞,跳舞,跳舞、全世界、不如,1,1
511261,陈慧琳,记事本,痛,痛、哭、爱,0,0
22867418,陈慧琳,都是你的错,错,错、请、若,1,1
51449268,陈慧琳,前所未见,肩,肩、里、手,0,0
116833,陈慧琳,今生你作伴,守,守、知己、看不见,0,0
306242,陈慧琳,希望,看,看、天空、梦,0,0
148954,陈慧琳,我不够爱你,不够,不够、爱、想,1,1
5048223,陈慧琳,都是你的错,错,错、若、请,1,1
91296,陈慧琳,记事本,痛,痛、哭、爱,0,0
97495,陈慧琳,LOVE PARADISE,爱,爱、re、love,0,1
1039960,陈慧琳,都是你的错,错,错、若、请,1,1
94299,陈慧琳,阁楼,不许,不许、隐居、由,0,0
2832977,陈慧琳,谁愿放手,曾,曾、越是、过愿,0,0
80755,陈慧琳,她比我丑,比,比、丑、可,1,1
298030,陈慧琳,谁愿放手,曾,曾、越是、过愿,0,0
126543,光良,童话,里,里、变成、相信,0,0
238215,光良,第一次,第一次,第一次、一起、说,1,1
51446100,光良,烟火,纪念,纪念、想起、短暂,0,0
40614121,光良,第一次 (Live),第一次,第一次、一起、当,1,1
95374047,光良,童话,里,里、变成、相信,0,0
126530,光良,约定,约定,约定、爱、记得,1,1
202727,光良,童话,里,里、变成、相信,0,0
40429562,光良,第一次,第一次,第一次、一起、说,1,1
21766944,光良,第一次 (Live),第一次,第一次、合、男,1,1
126532,光良,勇气,爱,爱、需要、勇气,0,1
6685178,光良,浪花一朵朵,一天,一天、陪、慢慢,0,0
202730,光良,第一次,第一次,第一次、一起、说,1,1
103151,光良,少年,光,光、曹、那个,0,0
1021940,光良,童话 (Live),里,里、变成、相信,0,0
527708956,光良,童话 (3D环绕版),里,里、变成、相信,0,0
16854410,光良,第一次 (Live),第一次,第一次、一起、说,1,1
6485840,光良,约定,约定,约定、爱、记得,1,1
308489443,光良,童话 (Live),里,里、变成、相信,0,0
98233681,光良,都是你,天,天、日记、写满,0,0
409091,光良,右手边,再见,再见、说、右手边,0,1
27792186,光良,浪花一朵朵 (任贤齐&Friends演唱会版),一天,一天、陪、慢慢,0,0
202725,光良,少年,光,光、曹、那个,0,0
1071754,光良,朋友首日封,等,等、走、朋友,0,1
28789589,光良,浪花一朵朵,一天,一天、陪、慢慢,0,0
877978,杨千嬅,处处吻,吻,吻、一吻、便,1,1
93890,杨千嬅,处处吻,吻,吻、一吻、便,1,1
171417,杨千嬅,野孩子,男孩子,男孩子、如此、说,0,0
96108,杨千嬅,少女的祈祷,祈求,祈求、发生、祷告,0,0
22853452,杨千嬅,可惜我是水瓶座,到底,到底、回去、再会,0,0
45841257,杨千嬅,花好月圆夜 (国语版),花好月圆,花好月圆、夜、女,1,1
625443,杨千嬅,野孩子,男孩子,男孩子、如此、说,0,0
171329,杨千嬅,稀客,如期,如期、继续、最后,0,0
51573481,杨千嬅,小城大事,下来,下来、吻、豁出去,0,0
33766033,杨千嬅,再见二丁目,异国,异国、只、快乐,0,0
82984,杨千嬅,少女的祈祷,祈求,祈求、发生、祷告,0,0
1134541,杨千嬅,勇,为,为、如何、亦,0,0
86073,杨千嬅,花好月圆夜 (广东版),圆月,圆月、将、男,0,0
6950509,杨千嬅,处处吻,吻,吻、一吻、便,1,1
228448,杨千嬅,处处吻,吻,吻、一吻、便,1,1
2284695,杨千嬅,可惜我是水瓶座,到底,到底、回去、再会,0,0
197392115,杨千嬅,致敬勇士 (伴奏),雪花,雪花、盛开、世界,0,0
871234,杨千嬅,再见二丁目,异国,异国、只、快乐,0,0
222981321,杨千嬅,下一站天后 (Live),唱,唱、牛班、newband,0,0
4315263,杨千嬅,大城小事(粤语 Dj Candy),吻,吻、下来、豁出去,0,0
1076345,动力火车,当,当,当、不再、红尘,1,1
175076,动力火车,那就这样吧,爱,爱、哭、要,0,0
310085,动力火车,背叛情歌,背叛,背叛、诺言、忘,1,1
1028538,动力火车,忠孝东路走九遍,爱,爱、有人、忠孝东路,0,1
128539,动力火车,第一滴泪,为,为、流下、第一,0,1
61541,动力火车,无情的情书,无情,无情、永远、说,1,1
490734,动力火车,那就这样吧,爱,爱、哭、要,0,0
488651,动力火车,当,当,当、不再、红尘,1,1
490724,动力火车,背叛情歌,背叛,背叛、诺言、忘,1,1
175088,动力火车,明天的明天的明天,昨天,昨天、爱、勇气,0,0
28714260,动力火车,第一滴泪,为,为、流下、第一,0,1
75103,动力火车,酒醉的探戈2001,探戈,探戈、跳、一段,1,1
5388231,动力火车,终于明白,别说,别说、不想、懂,0,0
13272659,动力火车,忠孝东路走九遍,爱,爱、有人、忠孝东路,0,1
90251,动力火车,忠孝东路走九遍,爱,爱、有人、忠孝东路,0,1
13272664,动力火车,无情的情书,无情,无情、永远、说,1,1
490730,动力火车,第一滴泪,为,为、流下、第一,0,1
13272665,动力火车,背叛情歌,背叛,背叛、诺言、忘,1,1
61175517,动力火车,跟着感觉走 (Live),跟着,跟着、感觉、越来越,1,1
266510211,动力火车,我的未来不是梦 (Live),未来,未来、梦、牛班,1,1
984277,动力火车,蜗牛,一步,一步、许、轻轻,0,0
90241,动力火车,当,当,当、不再、红尘,1,1
13272662,动力火车,终于明白,别说,别说、不想、懂,0,0
15651705,BIGBANG,IF YOU,이,이、나、다,0,0
7254751,BIGBANG,거짓말,love,love、어、so,0,0
19331199,BIGBANG,하루하루,가,가、지、아,0,0
12209102,BIGBANG,FANTASTIC BABY,dan,dan、나、dance,0,0
313788858,BIGBANG,IF YOU,이,이、나、다,0,0
19460278,BIGBANG,BLUE,에,에、이、아,0,0
6906524,BIGBANG,BANG BANG BANG (KR Ver.),bang,bang、砰、빵,1,1
30364355,BIGBANG,뱅뱅뱅 (BANG BANG BANG),bang,bang、빵、야,1,1
6906526,BIGBANG,IF YOU (KR Ver.),이,이、나、다,0,0
6430200,BIGBANG,LOSER,이,이、에、loser,0,1
7177345,BIGBANG,Let's not fall in love,아,아、요、지,0,0
19460275,BIGBANG,BAD BOY,lay,lay、가、나,0,0
15651706,BIGBANG,SOBER,이,이、어、가,0,0
6906525,BIGBANG,Let's not fall in love (KR Ver.),아,아、요、지,0,0
51430559,BIGBANG,Haru Haru,가,가、지、아,0,0
13790859,BIGBANG,LAST DANCE,이,이、나、어,0,0
15299710,BIGBANG,거짓말 (Remix),어,어、sorry、love,0,0
1219533,BIGBANG,Monster,지,지、마、이,0,0
16115589,BIGBANG,마지막 인사,지,지、만、하,1,1
15299702,BIGBANG,Tonight,오,오、아、지,0,0
1018749,BIGBANG,LIE(コジンマル),love,love、어、이,0,0
313785821,BIGBANG,BANG BANG BANG,bang,bang、빵、야,1,1
13790858,BIGBANG,FXXK IT (에라 모르겠다),에,에、다、르,1,1
6430199,BIGBANG,BAE BAE,이,이、해、babe,0,0
1219535,BIGBANG,Fantastic Baby (Special Edition 'Still Alive'),dan,dan、나、dance,0,0
112051,张震岳,再见,回头,回头、我会、走,0,0
263061,张震岳,再见,回头,回头、我会、走,0,0
1028145,张震岳,小宇,会,会、张震岳、不管,0,0
38707529,张震岳,迷途羔羊,逝去,逝去、过往、就别,0,0
156953,张震岳,爱我别走,爱,爱、说、走,1,1
282804,张震岳,爱的初体验,要,要、走、如果说,0,0
61175363,张震岳,再见 (Live),回头,回头、我会、走,0,0
478891876,张震岳,小半 (Live),多,多、纵容、应该,0,0
93973,张震岳,爱的初体验,要,要、走、如果说,0,0
156888,张震岳,爱的初体验,要,要、走、如果说,0,0
295538,张震岳,很难,人,人、希望、有时候,0,0
35368342,张震岳,爱我别走,爱,爱、说、走,1,1
255650,张震岳,路口,走,走、路口、人,0,1
1064740,张震岳,再见,回头,回头、我会、走,0,0
13356587,张震岳,凡人歌 (Live),多少,多少、合、皆,0,0
475473036,张震岳,温柔的慈悲 (Live),温柔,温柔、慈悲、再也,1,1
28384214,张震岳,凡人歌 (Live),cool,cool、supreme、人,0,1
467520983,张震岳,泪桥 (Live),人,人、寂寞、牛班,0,0
26452585,张震岳,差不多先生 (Live),差不多,差不多、先生、代表,1,1
301996314,张震岳,再见 (DJ版),我会,我会、回头、我怕,0,0
485290083,张震岳,搬家,里,里、人、照片,0,0
156887,张震岳,爱我别走,爱,爱、说、走,1,1
1373819,张震岳,离开,离开,离开、世界、里,1,1
226043,齐秦,大约在冬季,里,里、何时、此时,0,0
150974,齐秦,往事随风,随风,随风、梦、就让,1,1
32575342,齐秦,夜夜夜夜 (Live),拼凑,拼凑、慢慢、想,0,0
150940,齐秦,不让我的眼泪陪我过夜,不让,不让、眼泪、陪,1,1
40960854,齐秦,大约在冬季,里,里、何时、此时,0,0
218086,齐秦,夜夜夜夜,拼凑,拼凑、慢慢、不愿,0,0
28416499,齐秦,夜夜夜夜,拼凑,拼凑、慢慢、不愿,0,0
1080499,齐秦,原来的我,开始,开始、要、为何,0,0
1650058,齐秦,大约在冬季,里,里、何时、此时,0,0
150999,齐秦,大约在冬季,里,里、何时、此时,0,0
327864,齐秦,夜夜夜夜,拼凑,拼凑、慢慢、不愿,0,0
218078,齐秦,不让我的眼泪陪我过夜,不让,不让、眼泪、陪,1,1
54651705,齐秦,无情的雨 无情的你,无情,无情、不再、雨,1,1
1994549,齐秦,花祭,离开,离开、留下来、太多太多,0,0
3437435,齐秦,大约在冬季,里,里、何时、此时,0,0
370457447,齐秦,鬼迷心窍   爱上一个不回家的人   曲终人散   有多少爱可以重来   不让我的眼泪陪我过夜   往事只能回味   再回首   后来   盛夏的果实   光阴的故事 (网友改编),人,人、爱、多少,1,1
327890,齐秦,大约在冬季,里,里、何时、此时,0,0
54651595,齐秦,这一次我绝不放手,流浪,流浪、孤单、为,0,0
151003,齐秦,外面的世界,外面,外面、世界、无奈,1,1
28728694,齐秦,夜夜夜夜,拼凑,拼凑、慢慢、不愿,0,0
40370441,齐秦,大约在冬季,里,里、何时、此时,0,0
110828,齐秦,外面的世界,外面,外面、世界、无奈,1,1
51512833,齐秦,不让我的眼泪陪我过夜,不让,不让、眼泪、陪,1,1
150945,齐秦,火柴天堂,火柴,火柴、要、寒冷,1,1
1994550,齐秦,狂流,人能,人能、愈来愈、多,0,0
167963978,王靖雯,沦陷,爱,爱、滴滴、点点,0,0
151367163,王靖雯,善变,从前,从前、当、后来,0,0
159472590,王靖雯,忘了没有,忘,忘、到底、承诺,1,1
146192071,王靖雯,不知所措,说,说、总是、多,0,0
384218331,王靖雯,谦让,早就,早就、忘、承诺,0,0
241768635,王靖雯,玫瑰少年,会,会、美丽、改变,0,0
155900233,王靖雯,遗憾也值得,曾,曾、最后、若,0,0
160385983,王靖雯,会吗,会,会、小分队、出发,1,1
207675701,王靖雯,说说话,producer,producer、会、顾雄,0,0
154973686,王靖雯,善变 (DJR7版),从前,从前、后来、一点,0,0
155976663,王靖雯,善变 (DJ版),从前,从前、后来、一点,0,0
143276319,王靖雯,爱，存在,爱,爱、存在、依赖,1,1
191602492,王靖雯,下一个,说,说、做、下,0,1
234305580,王靖雯,沦陷 (DJ阿卓版),爱,爱、滴滴、点点,0,0
396340024,王靖雯,衍爱,望,望、盼、造梦嘉,0,0
195013425,王靖雯,说说话 (Live),会,会、可、夜,0,0
244365426,王靖雯,不知所措 (DJ阿卓版),总是,总是、多、说,0,0
186702861,王靖雯,忽而今夏 (Live),记得,记得、说、可是,0,0
433281846,王靖雯,谦让 (Live),早就,早就、忘、音乐,0,0
149961693,王靖雯,永不失联的爱,爱,爱、一辈子、不想,1,1
273136956,王靖雯,好戏,投入,投入、要、配合,0,0
181241670,王靖雯,空欢喜,好,好、空欢喜、几次,0,1
366488119,王靖雯,忘了没有   沦陷   善变   不知所措 (网友改编),忘,忘、爱、沦陷,1,1
328122487,王靖雯,不管明天（Dawn),沈慧雯,沈慧雯、王靖雯、银河,0,0
263424605,王靖雯,似你,似,似、下、袁文睿,1,1
91623,F.I.R.飞儿乐团,我们的爱,不再,不再、爱、温暖,0,1
6462695,F.I.R.飞儿乐团,心之火,爱,爱、never、疯,0,0
175554,F.I.R.飞儿乐团,千年之恋,穿越,穿越、千年、中,0,1
315706,F.I.R.飞儿乐团,月牙湾,爱,爱、看、谁的心,0,0
91622,F.I.R.飞儿乐团,你的微笑,世界,世界、微笑、别人,0,1
7284676,F.I.R.飞儿乐团,Lydia,走,走、留下、会,0,0
220437989,F.I.R.飞儿乐团,三国恋2022,离,离、远去、一天,0,0
3731465,F.I.R.飞儿乐团,月牙湾,爱,爱、看、谁的心,0,0
3731468,F.I.R.飞儿乐团,千年之恋,穿越,穿越、千年、中,0,1
6832491,F.I.R.飞儿乐团,雨樱花,樱花,樱花、身边、说,1,1
3731466,F.I.R.飞儿乐团,你的微笑,世界,世界、微笑、别人,0,1
13914796,F.I.R.飞儿乐团,我要飞,飞,飞、追、我要,1,1
59381475,F.I.R.飞儿乐团,月牙湾,爱,爱、看、谁的心,0,0
23543188,F.I.R.飞儿乐团,Fly Away,fly,fly、away、不管,1,1
87577,F.I.R.飞儿乐团,Lydia (演奏曲),走,走、留下、会,0,0
205696749,F.I.R.飞儿乐团,我们的爱 (Live),不再,不再、爱、温暖,0,1
299829404,F.I.R.飞儿乐团,心之火 (DJ版),爱,爱、never、疯,0,0
106614,F.I.R.飞儿乐团,刺鸟,爱,爱、手、等待,0,0
91625,F.I.R.飞儿乐团,Lydia,走,走、留下、会,0,0
8298816,F.I.R.飞儿乐团,亚特兰提斯,之上,之上、发现、爱,0,0
6832497,F.I.R.飞儿乐团,眷恋,爱,爱、说、请,0,0
22822233,F.I.R.飞儿乐团,千年之恋 (Unplug 版),穿越,穿越、千年、中,0,1
106610,F.I.R.飞儿乐团,把爱放开,爱,爱、放开、彻底,1,1
3731464,F.I.R.飞儿乐团,我们的爱,不再,不再、爱、温暖,0,1
25138567,F.I.R.飞儿乐团,你的微笑 (Live),世界,世界、微笑、别人,0,1
1144184,邰正宵,九百九十九朵玫瑰,难舍,难舍、九百九十九、朵玫瑰,0,1
237881,邰正宵,千纸鹤,心,心、折、后悔,0,0
152578,邰正宵,一千零一夜,一千零一夜,一千零一夜、一夜、思念,1,1
246284,邰正宵,找一个字代替,乱,乱、想、头绪,0,0
1028208,邰正宵,心要让你听见,心要,心要、听见、爱要,1,1
254290942,邰正宵,千纸鹤,心,心、折、千颗,0,0
27200069,邰正宵,九百九十九朵玫瑰,难舍,难舍、九百九十九、朵玫瑰,0,1
1165548,邰正宵,永远不回头,永远,永远、回头、要,1,1
113709,邰正宵,心要让你听见,心要,心要、听见、爱要,1,1
9826383,邰正宵,找一个字代替 (Live),想,想、乱、后,0,0
113707,邰正宵,情人之间的情人,情人,情人、心、之间,1,1
77153,邰正宵,好人好梦,好人,好人、好、梦,1,1
6622547,邰正宵,一千零一夜,一千零一夜,一千零一夜、一夜、思念,1,1
16769197,邰正宵,九百九十九朵玫瑰,难舍,难舍、九百九十九、朵玫瑰,0,1
152538,邰正宵,九百九十九朵玫瑰,难舍,难舍、九百九十九、朵玫瑰,0,1
51410464,邰正宵,爱的传说,低声,低声、每天、见,0,0
113714,邰正宵,九百九十九朵玫瑰,难舍,难舍、九百九十九、朵玫瑰,0,1
6622548,邰正宵,找一个字代替,乱,乱、想、头绪,0,0
113702,邰正宵,千纸鹤,心,心、折、千颗,0,0
568781848,邰正宵,永远不回头,永远,永远、回头、要,1,1
52786949,邰正宵,心要让你听见,心要,心要、听见、爱要,1,1
1028171,邰正宵,情人之间的情人,情人,情人、心、之间,1,1
9826387,邰正宵,一千零一夜 (Live),一千零一夜,一千零一夜、一夜、思念,1,1
2836943,邰正宵,心要让你听见 (Live),心要,心要、听见、爱要,1,1
533393,卓依婷,明天会更好,笑容,笑容、青春、唱出,0,0
90591089,卓依婷,孤儿乐园,傻,傻、傻傻、啊哈,0,0
866713,卓依婷,长相依,慢慢,慢慢、希望、忘记,0,0
533391,卓依婷,兰花草,转眼,转眼、秋天、移兰入,0,0
6253074,卓依婷,捉泥鳅,泥鳅,泥鳅、捉、哥哥,1,1
533397,卓依婷,生日快乐,祝,祝、happy、birthday,0,0
1027626,卓依婷,爱拼才会赢,女,女、男、有时,0,0
23542951,卓依婷,童年,童年,童年、一天、一年,1,1
6545211,卓依婷,东南西北风,碰,碰、变得、其实,0,0
324355,卓依婷,萍聚,曾经,曾经、别管、以后,0,0
1028113,卓依婷,潮湿的心,能,能、一声、用,0,0
54864,卓依婷,别问我是谁,人,人、像、为何,0,0
22850640,卓依婷,好运来,好运来,好运来、好运、年,1,1
1028115,卓依婷,心雨,思念,思念、想、不可触摸,0,0
1027624,卓依婷,免失志,饮落,饮落、无醉、杯中,0,0
23543222,卓依婷,杜十娘,十娘,十娘、慌、郎君,1,1
1027627,卓依婷,爱情一阵风,男,男、女、将,0,0
70549,卓依婷,外婆的澎湖湾,澎湖湾,澎湖湾、沙滩、上,1,1
1027628,卓依婷,爱人跟人走,人,人、无彩、恨,1,1
170843824,卓依婷,抓泥鳅,泥鳅,泥鳅、捉、哥哥,1,1
226129,卓依婷,财神来到我家门,财神,财神、来到、年,1,1
376073428,卓依婷,追求,爱情,爱情、泪、一杯,0,0
864179,卓依婷,鲁冰花,妈妈,妈妈、夜夜、想起,0,0
1028119,卓依婷,迟来的爱,爱,爱、面对、明白,1,1
4177049,卓依婷,乡间的小路,乡间,乡间、小、路上,1,1
1244660,BY2,有点甜,汪,汪、by2、yumi,0,0
493258,BY2,我知道,miko,miko、yumi、多,0,0
397474,BY2,爱丫爱丫,爱,爱、回答、的话,1,1
6698742,BY2,凑热闹,一起,一起、朋友、大声,0,0
3427508,BY2,爱的双重魔力,爱,爱、魔力、甜蜜,1,1
6698734,BY2,我知道,miko,miko、yumi、多,0,0
6698736,BY2,这叫爱,爱,爱、every、time,1,1
214356704,BY2,你还在听吗,by2,by2、听、回答,0,1
166539617,BY2,不潮不用花钱 (Live片段),抠,抠、what、左,0,0
675708,BY2,这叫爱,爱,爱、every、time,1,1
6698740,BY2,爱丫爱丫,爱,爱、回答、太远,1,1
11160257,BY2,爱丫爱丫,爱,爱、回答、的话,1,1
1609163,BY2,爱情闯进门,喜欢,喜欢、跟、爱情,0,1
6698738,BY2,爱的双重魔力,爱,爱、魔力、甜蜜,1,1
38520361,BY2,凑热闹,by,by、two、一起,0,0
493261,BY2,新少女祈祷,祈祷,祈祷、为何、梦,1,1
1609161,BY2,你并不懂我,说,说、并、爱,0,1
224552279,BY2,有点甜,用,用、用心、刻画,0,0
173838666,BY2,坏女孩 (Bad Girl),keepin,keepin、up、hit,0,0
358080386,BY2,有点甜 (Live),用心,用心、刻画、幸福,0,0
493254,BY2,DNA,miko,miko、yumi、好,0,0
1094256,BY2,不是故意,合,合、miko、yumi,0,0
956237,BY2,不够成熟,yumi,yumi、真的、倔强,0,0
675704,BY2,带我离开,离开,离开、突然、想,1,1
493262,BY2,勇敢,当,当、手、星火,0,0
113901,张敬轩,断点,好,好、脸、远,0,0
329277,张敬轩,断点,好,好、脸、远,0,0
631041,张敬轩,酷爱,爱,爱、爱爱爱、人,1,1
27394353,张敬轩,吻得太逼真,吻,吻、爱、吻吻,1,1
40365991,张敬轩,吻得太逼真,吻吻,吻吻、吻、问问,0,1
220013807,张敬轩,赛勒斯的爱,可,可、爱、以后,0,1
1001076,张敬轩,吻得太逼真,吻吻,吻吻、吻、问问,0,1
22858032,张敬轩,只是太爱你,爱,爱、会、真的,1,1
161391223,张敬轩,只是太爱你,爱,爱、会、真的,1,1
326284218,张敬轩,吻得太逼真,吻吻,吻吻、吻、问问,0,1
177260720,张敬轩,断点,好,好、脸、远,0,0
685384,张敬轩,春秋,为,为、得到、有没有,0,0
394376,张敬轩,樱花树下,跟,跟、樱花、曾,0,1
350006,张敬轩,断点,好,好、脸、远,0,0
6231406,张敬轩,只是太爱你,爱,爱、会、真的,1,1
161391256,张敬轩,断点,好,好、脸、远,0,0
127706,张敬轩,过云雨,快乐,快乐、是否、两个,0,0
113905,张敬轩,My Way,way,way、will、find,1,1
753586,张敬轩,爱的故事上集 (Live),故事,故事、不知、小子,1,1
202343338,张敬轩,吻得太逼真,吻吻,吻吻、吻、问问,0,1
619009,张敬轩,后来,后来,后来、如何、人,1,1
257264611,张敬轩,吴哥窟 (2016系咐升两度降两度你俾我啡阵得唔得唧世界无限轮回演唱会) (现场),多,多、难道、勇气,0,0
22853049,张敬轩,断点,好,好、脸、远,0,0
3250104,张敬轩,值得,错,错、爱、值得,0,1
28461656,张敬轩,尘埃落定,只,只、爱、无爱,0,0
1105362,林志炫,单身情歌,人,人、爱、单身,0,1
23655613,林志炫,单身情歌,人,人、爱、单身,0,1
51383585,林志炫,你的样子,中,中、声音、像,0,0
3984859,林志炫,凤凰花开的路口,路口,路口、珍惜、朋友,1,1
6874740,林志炫,单身情歌,人,人、爱、单身,0,1
3241188,林志炫,没离开过 (Live),离开,离开、right、爱,1,1
3248366,林志炫,烟花易冷 (Live),等,等、深、雨,0,0
149154,林志炫,离人,人,人、离、说,1,1
3298907,林志炫,单身情歌,人,人、爱、单身,0,1
1024739,林志炫,凤凰花开的路口,路口,路口、珍惜、朋友,1,1
610898100,林志炫,故事还有呢,故事,故事、旅程、歌,1,1
75916,林志炫,蒙娜丽莎的眼泪,爱,爱、蒙娜丽莎、感情,0,1
2779032,林志炫,单身情歌,人,人、爱、单身,0,1
72153296,林志炫,醉梦前尘,梦,梦、一场、道,1,1
207245802,林志炫,朋友 (Live),一起,一起、11zband、朋友,0,1
51433157,林志炫,你的样子,中,中、声音、像,0,0
206483549,林志炫,这世界那么多人 (Live),中,中、世界、多人,0,1
179246,林志炫,蒙娜丽莎的眼泪,爱,爱、蒙娜丽莎、感情,0,1
7079757,林志炫,单身情歌,人,人、爱、单身,0,1
93478,林志炫,蒙娜丽莎的眼泪,爱,爱、蒙娜丽莎、感情,0,1
26036832,林志炫,没离开过 (Live),离开,离开、right、爱,1,1
7087487,林志炫,单身情歌 (Live),人,人、爱、单身,0,1
26396561,林志炫,空,忘记,忘记、几度、终,0,0
1024732,林志炫,离人,人,人、离、说,1,1
55219,郑智化,水手,说,说、中、风雨,0,0
158919,郑智化,星星点灯,星星,星星、点灯、照亮,1,1
322678,郑智化,游戏人间,笑容,笑容、太甜、泪水,0,0
491898150,郑智化,水手 (DJ阿洲版),说,说、中、这点,0,0
55210,郑智化,年轻时代,年轻,年轻、时代、一点,1,1
537744,郑智化,别哭，我最爱的人,别哭,别哭、爱、人,1,1
186628394,郑智化,星星点灯 (演唱会版),星星,星星、孩子、点灯,1,1
30897654,郑智化,水手 (Live),说,说、中、擦干,0,0
186628549,郑智化,水手 (演唱会版),说,说、中、擦干,0,0
388321887,郑智化,水手,说,说、中、风雨,0,0
55199,郑智化,堕落天使,风一吹,风一吹、看见、瘦,0,0
158918,郑智化,麻花辫子,麻花,麻花、辫、美丽,1,1
275067279,郑智化,水手 (Live),说,说、中、风雨,0,0
397174985,郑智化,墮落天使,风一吹,风一吹、看见、瘦,0,0
158921,郑智化,三十三块,口袋,口袋、三十三、块,0,1
186628917,郑智化,别哭我最爱的人 (演唱会版),别哭,别哭、爱、人,1,1
158939,郑智化,你的生日,生日快乐,生日快乐、祝、生日,0,1
224897014,郑智化,別哭我最愛的人,别哭,别哭、爱、人,0,1
158929,郑智化,中产阶级,活得,活得、好、人,0,0
55200,郑智化,用我一辈子去忘记,我用,我用、一、转身,0,1
4179467,郑智化,生日快乐歌,生日快乐,生日快乐、祝、生日,1,1
158952,郑智化,我这样的男人,男人,男人、想、想象,1,1
17026060,郑智化,别哭，我最爱的人,别哭,别哭、爱、人,1,1
23547263,郑智化,单身逃亡,人,人、走向、街,0,0
45800867,容祖儿,挥着翅膀的女孩,fly,fly、女孩、爱,0,1
228491562,容祖儿,就让这大雨全都落下,要,要、就让、忘记,0,1
249433,容祖儿,小小,小小的,小小的、人、用,0,0
273391551,容祖儿,就让这大雨全都落下 (Live),落下,落下、大雨、要,1,1
40495147,容祖儿,富士山下 (Live),里,里、拥有、要,0,0
78746,容祖儿,习惯失恋,知,知、为何、可,0,0
78752,容祖儿,心淡,会,会、间、半年,0,0
265867,容祖儿,没关系,just,just、take、easy,0,0
13991642,容祖儿,挥着翅膀的女孩,fly,fly、女孩、爱,0,1
26039464,容祖儿,挥着翅膀的女孩,fly,fly、爱、女孩,0,1
13991650,容祖儿,没关系,just,just、take、easy,0,0
78745,容祖儿,我的骄傲,fly,fly、因、因有,0,0
13991648,容祖儿,小小,小小的,小小的、人、用,0,0
445910992,容祖儿,上海滩 (Live),牛班,牛班、newband、合,0,0
45854330,容祖儿,续集,多多,多多、一次、上集,0,0
557547504,容祖儿,爱情讯息 (Live),姚,姚、容、爱情,0,1
320590,容祖儿,怯,便,便、未、会,0,0
447612373,容祖儿,中国人 (Live),牛班,牛班、newband、梦,0,0
388169039,容祖儿,嚣张 (Live),音乐,音乐、维伴、多,0,0
3818432,容祖儿,烟霞,等,等、憎、若,0,0
160253386,容祖儿,爱得太迟 (Live),要,要、见、等,0,0
449619298,容祖儿,分手总要在雨天 (Live),雨天,雨天、牛班、newband,1,1
206818,容祖儿,16号爱人,爱人,爱人、冠军、做,1,1
91729,容祖儿,世上只有,make,make、love、永远,0,0
56227227,李圣杰,痴心绝对,会,会、一天、爱,0,0
7186051,李圣杰,手放开,感情,感情、最后、疼爱,0,0
51498167,李圣杰,痴心绝对,会,会、一天、爱,0,0
133043,李圣杰,手放开,感情,感情、最后、疼爱,0,0
133046,李圣杰,最近,不想,不想、最近、有点,0,1
51498923,李圣杰,你那么爱她,爱,爱、留下、深爱,1,1
327520,李圣杰,你那么爱她,爱,爱、李、留下,1,1
661416,李圣杰,痴心绝对 (Live),会,会、一天、爱,0,0
133039,李圣杰,关于你的歌,写,写、爱、关于,0,1
122959,李圣杰,你那么爱她,爱,爱、留下、深爱,1,1
309660,李圣杰,如果你爱他,爱,爱、会、放开手,1,1
22829982,李圣杰,不顾一切的爱,爱,爱、不顾一切、记得,1,1
474834,李圣杰,关于你的歌,写,写、爱、关于,0,1
22806361,李圣杰,手放开,感情,感情、最后、疼爱,0,0
474850,李圣杰,最近,不想,不想、最近、有点,0,1
9856905,李圣杰,你那么爱她,爱,爱、李、留下,1,1
85452002,李圣杰,手放开 (Live),感情,感情、最后、疼爱,0,0
508795821,李圣杰,不勇敢,说,说、弦乐、工程师,0,0
474833,李圣杰,痴心绝对 (Live),会,会、一天、爱,0,0
100295,李圣杰,远走高飞,带,带、远走高飞、世界,0,1
100292,李圣杰,我懂了她,爱,爱、懂、挣扎,0,1
216012,李圣杰,灰色地带,感觉,感觉、地点、那个,0,0
51498924,李圣杰,最近,不想,不想、最近、有点,0,1
133035,李圣杰,眼底星空,爱,爱、星空、陪,0,1
59573,高胜美,千年等一回,等,等、一回、千年,1,1
1099415,高胜美,追梦人,里,里、青春、看,0,0
51572589,高胜美,心湖雨又风,只,只、年、心湖,0,1
22800197,高胜美,潇洒的走,昨日,昨日、将、忘记,0,0
6674596,高胜美,午夜香吻 (Mix),情人,情人、怎、忘记,0,0
329484,高胜美,彩云伴海鸥,海鸥,海鸥、问、一声,1,1
329464,高胜美,情难枕,何必,何必、早、除非,0,0
19283654,高胜美,千年等一回,等,等、一回、千年,1,1
51511859,高胜美,青青河边草,青青,青青、河边、草,1,1
329461,高胜美,千年等一回,等,等、一回、千年,1,1
251402256,高胜美,昨夜星辰,星辰,星辰、今夜、爱,1,1
565046,高胜美,恋曲1990,难,难、忘记、容颜,0,0
283151,高胜美,缘,莫忘,莫忘、走、挥,0,0
95375,高胜美,美酒加咖啡,一杯,一杯、美酒、加,0,1
295475,高胜美,昨夜星辰,星辰,星辰、今夜、爱,1,1
1099523,高胜美,青青河边草,青青,青青、河边、草,1,1
28676144,高胜美,爱你在心口难开,噢,噢、心、口难开,0,1
95332,高胜美,蝶儿蝶儿满天飞,蝶儿,蝶儿、一回、蝴蝶,1,1
316463,高胜美,渡情,若,若、千、年,0,0
214934783,高胜美,哭砂,砂,砂、风吹、哭泣,1,1
51523574,高胜美,潇洒的走,昨日,昨日、将、忘记,0,0
2022154,高胜美,冬恋,寒风,寒风、起、霜降,0,0
4360071,高胜美,心湖雨又风,只,只、年、为,0,0
329468,高胜美,笑拥江山梦,盼,盼、空、唤,0,0
918410,高胜美,车站,人,人、火车、车站,0,1
69991592,告五人,爱人错过,相撞,相撞、街口、爱人,0,1
84522217,告五人,带我去找夜生活,清醒,清醒、种罪、绝对,0,0
160584634,告五人,唯一,真的,真的、唯一、爱,0,1
225785286,告五人,给你一瓶魔法药水,宇宙,宇宙、有趣、不在意,0,0
261872379,告五人,我想要占据你,占据,占据、怎么办、美,1,1
280699063,告五人,为爱痴狂 (Live),像,像、爱、问问,0,1
254997108,告五人,爱人错过,相撞,相撞、街口、爱人,0,1
203006704,告五人,好不容易,心,心、滴答、或许,0,0
160584605,告五人,温蒂公主的侍卫,亲爱,亲爱、全、存在,0,0
246920510,告五人,唯一 (Live),真的,真的、爱、唯一,0,1
529586571,告五人,我想要占据你 (Live),占据,占据、怎么办、美,1,1
278825065,告五人,爱人错过 (Live),爱人,爱人、错过、相撞,1,1
481798199,告五人,愈合,想,想、总是、愈合,0,1
305460334,告五人,带我去找夜生活 (Live),清醒,清醒、种罪、夜,0,1
261872424,告五人,一念之间,当,当、变成、会,0,0
479651213,告五人,爱 (Live),说声,说声、音乐、维伴,0,0
83728955,告五人,带我去找夜生活 - 健康版,清醒,清醒、种罪、夜,0,1
438266138,告五人,爱人错过 (2024 Sugar High 2.0世界巡回演唱会),相撞,相撞、街口、爱人,0,1
278825071,告五人,带我去找夜生活 (Live),清醒,清醒、种罪、告五人,0,0
435067066,告五人,从未见过的海,从未见过,从未见过、海、pan,1,1
531262958,告五人,当蒲公英吹散远航,录音室,录音室、当、蒲公英,0,1
69991321,告五人,法兰西多士,西多士,西多士、珍贵、爱,1,1
254998387,告五人,爱人错过 (MylOK Bootleg),相撞,相撞、街口、爱人,0,1
481798051,告五人,快乐的事记不起,快乐,快乐、事、幸福,1,1
1024747,黎明,今夜你会不会来,今夜,今夜、心、会,1,1
40510102,黎明,今夜你会不会来,今夜,今夜、会、爱,1,1
149561,黎明,相逢在雨中,共,共、风中、愿,0,0
1169130,黎明,今夜你会不会来,今夜,今夜、会、爱,1,1
1169364,黎明,夏日倾情,love,love、你会否、秒,0,0
4309985,黎明,今夜你会不会来,今夜,今夜、心、会,1,1
149535,黎明,全日爱,won,won、爱、不够,0,1
1169268,黎明,我的亲爱,爱,爱、sayonara、明白,1,1
149534,黎明,越夜越有机,若,若、如若、坏不起,0,0
633556,黎明,我等不到你,等,等、不到、里,1,1
51571112,黎明,特别的歌给特别的你,歌声,歌声、之中、愿,0,0
1184923,黎明,我这样爱你,还要,还要、爱、将,0,1
1190407,黎明,看上她,看,看、会、我要,1,1
149397,黎明,深秋的黎明,深秋,深秋、黎明、爱,1,1
1026427,黎明,夏日倾情,love,love、你会否、秒,0,0
226697833,黎明,两个人的烟火,否则,否则、爱、两个,0,1
1663680,黎明,相逢在雨中,共,共、风中、愿,0,0
149462,黎明,情难自控,何必,何必、别离、不再,0,0
323027,黎明,眼睛想旅行,想,想、旅行、眼睛,1,1
45831468,黎明,相逢在雨中,共,共、风中愿、再度,0,0
149536,黎明,两位一体,love,love、要、爱,0,0
292782,黎明,Happy 2000 (Mandarin Version),变,变、只要、走,0,0
1169266,黎明,相逢在雨中,共,共、风中愿、再度,0,0
5694721,黎明,两个人的烟火,否则,否则、爱、两个,0,1
3251026,林子祥,敢爱敢做,不需,不需、街边、吻,0,0
3248685,林子祥,数字人生,数字,数字、一生、人,1,1
78975,林子祥,男儿当自强,热血,热血、热胜红、日光,0,0
55216442,林子祥,敢爱敢做,不需,不需、街边、吻,0,0
41219954,林子祥,谁能明白我,梦想,梦想、用、怀,0,0
5088073,林子祥,敢爱敢做,不需,不需、吻、身边,0,0
6908141,林子祥,敢爱敢做,不需,不需、吻、身边,0,0
3251030,林子祥,十分十二寸,这晚,这晚、爆炸、晚会,0,0
149249,林子祥,真的汉子,人,人、靠、做个,0,0
51573018,林子祥,男儿当自强,热血,热血、热胜红、日光,0,0
51570640,林子祥,男儿当自强,热血,热血、做、做个,0,0
83823616,林子祥,男儿当自强 (完整版|DJ版),热血,热血、热胜红、日光,0,0
3248578,林子祥,长路漫漫伴你闯,江湖,江湖、做、紧张,0,0
149312,林子祥,男儿当自強,热血,热血、热胜红、日光,0,0
51386195,林子祥,男儿当自强,热血,热血、热胜红、日光,0,0
3033473,林子祥,选择,选择,选择、男、女,1,1
148288591,林子祥,选择,选择,选择、男、女,1,1
626480,林子祥,爱到分离仍是爱,爱,爱、这刻、应不应该,1,1
396496,林子祥,乱世桃花,遂,遂、可、愿,0,0
505846,徐佳莹,一样的月光,月光,月光、想、不再,1,1
505844,徐佳莹,身骑白马,放下,放下、改换、素衣,0,0
158425533,徐佳莹,不舍（《斗罗大陆》动画片尾曲）,时光,时光、不舍、制作,0,1
365197487,徐佳莹,如果可以 (Live),音乐,音乐、维伴、雨,0,0
25371880,徐佳莹,最初的记忆,陪,陪、安静、怀疑,0,0
505845,徐佳莹,失落沙洲,一定,一定、要、当,0,0
39706912,徐佳莹,到此为止,到此为止,到此为止、事、妒忌,1,1
24043956,徐佳莹,最初的记忆,陪,陪、安静、怀疑,0,0
239324532,徐佳莹,行走的鱼,一边,一边、爱、听,0,0
44298661,徐佳莹,一爱难求,为,为、说、若,0,0
7241688,徐佳莹,不要再孤单,想,想、说、爱,0,0
473672513,徐佳莹,同花顺 (Live),音乐,音乐、维伴、只要,0,0
83282963,徐佳莹,被动 (Live),爱,爱、越久、越,0,0
6928582,徐佳莹,大雨将至,别说,别说、大雨、得失,0,1
860092,徐佳莹,绿洲,我会,我会、绿洲、一厢情愿,0,1
39706910,徐佳莹,言不由衷,人,人、愿、永远,0,0
368698680,徐佳莹,身骑白马 (Live),音乐,音乐、维伴、放下,0,0
7024385,徐佳莹,不为谁而作的歌 (Live),合,合、女、夜色,0,0
6487360,徐佳莹,突然好想你,突然,突然、怕、好想你,1,1
6848607,徐佳莹,失落沙洲 (Live),一定,一定、要、当,0,0
6929990,徐佳莹,喜欢你 (Live),喜欢,喜欢、慢慢、爱,1,1
6883355,徐佳莹,不醉不会 (Live),看,看、只、世界,0,0
158424118,徐佳莹,不舍（《斗罗大陆》动画片尾曲） (伴奏),时光,时光、制作、prismfilter,0,0
6863819,徐佳莹,修炼爱情 (Live),修炼,修炼、爱情、说,1,1
6985903,徐佳莹,浪费 (Live),浪费,浪费、爱、没关系,1,1
79270,庾澄庆,春泥,里,里、落、回忆,0,0
155115,庾澄庆,让我一次爱个够,一次,一次、爱个、够,1,1
626201,庾澄庆,情非得已,爱上你,爱上你、会、只怕,0,0
856124,庾澄庆,情非得已,爱上你,爱上你、会、只怕,0,0
626184,庾澄庆,春泥,里,里、落、回忆,0,0
40960827,庾澄庆,情非得已,爱上你,爱上你、会、只怕,0,0
40144103,庾澄庆,让我一次爱个够,一次,一次、爱个、够,1,1
626199,庾澄庆,命中注定,人,人、特别、后,0,0
531472235,庾澄庆,春泥 (Live),里,里、mx、band,0,0
7105799,庾澄庆,情非得已,爱上你,爱上你、会、只怕,0,0
4001150,庾澄庆,命中注定,特别,特别、人、想,0,0
524162352,庾澄庆,气球 (Live),好,好、各种、气球,0,1
3138015,庾澄庆,热情的沙漠,沙漠,沙漠、爱情、火,1,1
72742818,庾澄庆,龙的传人 (Live),东方,东方、古老、龙的传人,0,1
601345863,庾澄庆,爱人啊！,爱人,爱人、studio、那些,1,1
626204,庾澄庆,让我一次爱个够,一次,一次、爱个、够,1,1
3105730,庾澄庆,热情的沙漠,沙漠,沙漠、爱情、火,1,1
533068265,庾澄庆,我相信 (Live),相信,相信、mx、band,1,1
626206,庾澄庆,热情的沙漠,沙漠,沙漠、爱情、火,1,1
511353,庾澄庆,让我一次爱个够,一次,一次、爱个、够,1,1
10541973,庾澄庆,用尽一生的爱 (单曲版),一生,一生、多少、用尽,1,1
257194263,庾澄庆,让我一次爱个够 (3D环绕版),一次,一次、爱个、够,1,1
55617406,EXO,"Baby, Don't Cry (人鱼的眼泪)",cry,cry、don、tonight,1,1
10494677,EXO,Baby Don't Cry (人鱼的眼泪),cry,cry、don、tonight,1,1
38527316,EXO,"Baby, Don't Cry (인어의 눈물)",이,이、cry、哭,0,1
55890524,EXO,지나갈 테니 (Been Through),나,나、지、会,1,1
10708211,EXO,咆哮,으,으、르、렁,0,0
29361466,EXO,첫 눈,지,지、리、해,0,0
164917050,EXO,"Baby, Don't Cry (网友改编)",cry,cry、don、哭,1,1
6365643,EXO,CALL ME BABY,call,call、宝贝、亲昵,1,1
6185552,EXO,History,어,어、나、오,0,0
5557697,EXO,咆哮 (Growl),eu,eu、reu、reong,0,0
63286789,EXO,Love Shot,nanana,nanana、love、nananana,0,1
430388839,EXO,MaMa (EXO-M Main Ver.),mama,mama、고、careless,1,1
30361234,EXO,으르렁 (Growl) (EXO-K Ver.),으,으、르、렁,1,1
19871260,EXO,初雪 (Chinese Ver.),merry,merry、christmas、能,0,0
4825862,EXO,咆哮 (Growl) (EXO-M Ver.),eu,eu、reu、reong,0,0
4825866,EXO,Lucky (Chinese Ver.),lucky,lucky、so、love,1,1
38630657,EXO,"Baby, Don't Cry (인어의 눈물)",이,이、cry、내,0,1
3693993,EXO,十二月的奇迹 (Miracles in December) (Chinese Ver.),改变,改变、身边、曾经,0,0
3385965,EXO,蝴蝶少女 (Don't Go),hoo,hoo、爱、会,0,0
4825880,EXO,Lucky (Korean Ver.),나,나、너、의,0,0
6185548,EXO,Baby Don't Cry,이,이、cry、내,0,1
26453315,EXO,전야 (The Eve),要,要、어、해,0,0
38963091,EXO,나비소녀 (Don't Go),아,아、나、가,0,1
3432288,EXO,咆哮 (Live),eu,eu、reu、reong,0,0
55930451,EXO,Monster (Korean Ver.),将,将、어、네,0,0
145489,黄品源,小薇,多,多、美丽、小薇,0,1
28795546,黄品源,你怎么舍得我难过,最爱,最爱、人、舍得,0,1
145527,黄品源,你怎么舍得我难过,最爱,最爱、人、舍得,0,1
220377,黄品源,你怎么舍得我难过,最爱,最爱、人、舍得,0,1
58158,黄品源,海浪,一,一、能、城市,0,0
220386,黄品源,小薇,多,多、美丽、小薇,0,1
22842678,黄品源,海浪,一,一、能、城市,0,0
1034340,黄品源,那么爱你为什么,爱,爱、笑、或者,1,1
145469,黄品源,你怎么舍得我难过,最爱,最爱、人、舍得,0,1
22849049,黄品源,那么爱你为什么,爱,爱、笑、或者,1,1
38043963,黄品源,你怎么舍得我难过,最爱,最爱、人、舍得,0,1
145470,黄品源,海浪,一,一、能、城市,0,0
22853087,黄品源,狠不下心,狠,狠、不下、心,1,1
276071,黄品源,你怎么舍得我难过 (Live),最爱,最爱、人、舍得,0,1
58168,黄品源,你怎么舍得我难过,最爱,最爱、人、舍得,0,1
254458207,黄品源,失恋阵线联盟 (Live),越,越、基本、节奏,0,0
145460,黄品源,小薇 (Live),多,多、美丽、小薇,0,1
145458,黄品源,海浪 (Live),一,一、城市、能,0,0
1028176,黄品源,那么爱你为什么,爱,爱、笑、或者,1,1
327469,黄品源,你怎么舍得我难过,最爱,最爱、人、舍得,0,1
136775,黄品源,孤单爱情海,爱情海,爱情海、下着雨、一天,1,1
38042875,黄品源,小薇,多,多、美丽、小薇,0,1
19003873,郑中基,无赖,跟,跟、亦、这种,0,0
3179800,郑中基,你的眼睛背叛你的心,背叛,背叛、介意、眼睛,1,1
129565,郑中基,无赖,跟,跟、亦、这种,0,0
158232,郑中基,左右为难,爱,爱、张、郑,0,0
512846,郑中基,答应不爱你,答应,答应、爱、存在,1,1
157526,郑中基,绝口不提！爱你,允许,允许、爱、要,0,1
129580,郑中基,你的眼睛背叛你的心,背叛,背叛、介意、眼睛,1,1
406922,郑中基,无赖,跟,跟、亦、这种,0,0
3192383,郑中基,答应不爱你,答应,答应、爱、存在,1,1
217308,郑中基,戒情人,喝,喝、一口、醉,0,0
113958,郑中基,爱是最大权利,多,多、始终、想,0,0
63567360,郑中基,无赖,跟,跟、亦、这种,0,0
6944525,郑中基,你的眼睛背叛你的心,背叛,背叛、介意、眼睛,1,1
63011410,郑中基,答应不爱你,答应,答应、爱、存在,1,1
135460,郑中基,别爱我,别爱,别爱、爱情、传说,1,1
63011421,郑中基,你的眼睛背叛你的心,背叛,背叛、介意、眼睛,1,1
339205364,郑中基,无赖,跟,跟、亦、这种,0,0
295053,郑中基,甲乙丙丁,仿佛,仿佛、人、张,0,0
77677,郑中基,左右为难,爱,爱、张、郑,0,0
406915,郑中基,绝口不提! 爱你,允许,允许、爱、要,0,1
6953276,郑中基,英雄寞,为,为、等、只,0,0
551465,Michael Jackson,Beat It,beat,beat、避开、冲突,1,1
531731,Michael Jackson,Billie Jean,billie,billie、jean、she,1,1
57942955,Michael Jackson,We Are the World (Demo),要,要、re、taking,0,1
1024016,Michael Jackson,You Are Not Alone,孤单,孤单、not、alone,0,1
61316,Michael Jackson,Heal The World,为,为、make、世界,0,0
291105,Michael Jackson,Smooth Criminal,annie,annie、okay、还好,0,0
6698934,Michael Jackson,Dangerous,hee,hee、dangerous、girl,0,1
75456,Michael Jackson,Bad,bad,bad、really、很棒,1,1
489380481,Michael Jackson,We Are The World (Demo),要,要、re、taking,0,1
66101,Michael Jackson,You Are Not Alone,孤单,孤单、not、alone,0,1
75461,Michael Jackson,Thriller,thriller,thriller、night、惊悚,1,1
26110997,Michael Jackson,Billie Jean,billie,billie、jean、she,1,1
4132601,Michael Jackson,Earth Song,what,what、about、怎么办,0,0
405505,Michael Jackson,Beat It (网友改编),beat,beat、避开、wanna,1,1
61314,Michael Jackson,Dangerous,dangerous,dangerous、girl、危险,1,1
61312,Michael Jackson,Jam,jam,jam、ain、困境,1,1
38650275,Michael Jackson,Beat It (Single Version),beat,beat、避开、just,1,1
82378,Michael Jackson,You Are Not Alone (Radio Edit),孤单,孤单、re、here,0,1
82388,Michael Jackson,Billie Jean,billie,billie、jean、she,1,1
1028567,Michael Jackson,Black Or White,re,re、if、black,0,1
74292,Michael Jackson,Man In The Mirror,改变,改变、change、make,0,0
440914636,Michael Jackson,Off the Wall (Live),ain,ain、so、life,0,0
39580599,Michael Jackson,They Don't Care About us,don,don、say、they,1,1
145589655,Michael Jackson,Beat It (1997 历史巡演德国慕尼黑站),beat,beat、面对、just,1,1
334699,Michael Jackson,Beat It,beat,beat、避开、冲突,1,1
3200042,梅艳芳,夕阳之歌,路上,路上、一弯、一天,0,0
166900,梅艳芳,亲密爱人,亲爱,亲爱、人、亲密,0,1
166910,梅艳芳,一生爱你千百回,我要,我要、飞越、爱,0,1
325799,梅艳芳,女人花,花,花、女人、如,1,1
325804,梅艳芳,一生爱你千百回,我要,我要、飞越、爱,0,1
85050,梅艳芳,似是故人来,后,后、做、共,0,0
41224562,梅艳芳,女人花,花,花、女人、如,1,1
27895222,梅艳芳,女人花 (Live),花,花、女人、如,1,1
166909,梅艳芳,女人花,花,花、女人、如,1,1
157728,梅艳芳,相爱很难,难,难、得到、女,1,1
207875,梅艳芳,夕阳之歌,路上,路上、一弯、一天,0,0
89215,梅艳芳,相爱很难,难,难、得到、女,1,1
149033,梅艳芳,别说爱情苦,爱,爱、爱情、苦,1,1
1031345,梅艳芳,梦幻的拥抱,ll,ll、never、gonna,0,0
465264,梅艳芳,"似是故人来 (电影 ""双镯"" 主题曲)",后,后、共、人,0,1
2223088,梅艳芳,一生为你痴,时,时、为、痴,0,1
3200307,梅艳芳,亲密爱人,亲爱,亲爱、人、亲密,0,1
328825,梅艳芳,胭脂扣,千般,千般、痴心、情像,0,0
167019,梅艳芳,夕阳之歌,路上,路上、一弯、一天,0,0
330191,梅艳芳,梦伴,中,中、失去、已,0,0
513849,梅艳芳,耶利亚,利亚,利亚、耶、神秘,1,1
38044677,梅艳芳,相爱很难,难,难、得到、女,1,1
199974363,梅艳芳,夕阳之歌 (live),曾,曾、遇上、几多,0,0
330184,梅艳芳,不了情,留在,留在、回忆、里面,0,0
237827,罗文,铁血丹心 ,天,天、苍苍、藤树,0,0
3205111,罗文,黄昏,中,中、我俩、黄昏,0,1
645533,罗文,世间始终你好 ,男,男、高、世间,0,1
377222672,罗文,黄昏 (网友改编),中,中、暮色、就要,0,0
265788,罗文,几许风雨,风雨,风雨、之中、得失,1,1
992869,罗文,一生有意义 ,女,女、男、啊啊啊,0,0
312434,罗文,黄昏,中,中、落、色,0,0
244789883,罗文,铁血丹心,女,女、男、合,0,0
7076822,罗文,铁血丹心,女,女、男、合,0,0
28689940,罗文,沧海一声笑,笑,笑、潮、沧海,1,1
40914949,罗文,尘缘,人,人、起伏、一城,0,0
30360576,罗文,尘缘,人,人、起伏、一城,0,0
7077550,罗文,铁血丹心,合,合、天、苍苍,0,0
847849,罗文,江湖路,走,走、路、无怨无悔,0,1
141736188,罗文,小李飞刀,刀剑,刀剑、挥、断,0,0
39591563,罗文,世间始终你好,高,高、世间、你好,0,1
39106748,罗文,几许风雨,风雨,风雨、之中、得失,1,1
475330874,罗文,黄昏 (DJ 阿若版),中,中、我俩、黄昏,0,1
302821405,罗文,世间始终你好,罗文,罗文、高、世间,0,1
40914933,罗文,几许风雨,风雨,风雨、叫、之中,1,1
283126314,罗文,一生有意义,女,女、男、痴,0,0
374499645,罗文,尘缘 (Single Version),人,人、起伏、一城,0,0
51419104,罗文,铁血丹心,断,断、女、男,0,0
51575628,罗文,铁血丹心 (Live),合,合、男、身经百劫,0,0
239065,罗文,桃花开 ,女,女、男、笑,0,0
493644421,草帽酱,青衣 (DJ阿泽版),为,为、唱、一曲,0,0
165884773,草帽酱,青衣,为,为、相思、唱,0,0
597506431,草帽酱,古风2026,能,能、关山、南山,0,0
269453559,草帽酱,关山酒,自,自、关山、点酒,0,1
166465318,草帽酱,青衣 (片段),为,为、唱、一曲,0,0
387065388,草帽酱,青衣 (0.85xDJ版),为,为、相思、唱,0,0
559541942,草帽酱,春庭雪,我心,我心、不可、梨花,0,0
490090467,草帽酱,凉夜横塘 (DJ细霖版),曾,曾、窗、海棠,0,0
501795143,草帽酱,佛前愿 (节奏版),能,能、佛前、愿,0,1
217866927,草帽酱,壹一,随,随、游遍、人世间,0,0
501791275,草帽酱,佛前愿,能,能、佛前、愿,0,1
532857677,草帽酱,凉夜横塘 (0.8x降调版),曾,曾、笑、海棠,0,0
327635698,草帽酱,关山酒 (1.1加速版),沸雪酌,沸雪酌、风云、某,0,0
395820378,草帽酱,青衣 (卡点DJ版),为,为、纷乱、相思,0,0
498879040,草帽酱,风催雨2025 (DJ阿泽版),雨,雨、飞花、沾满,1,1
584482649,草帽酱,拜无忧 (dj不拜天地浩荡河山永蔚),拜,拜、浩荡、河山,1,1
502297139,草帽酱,佛前愿 (卡点版),能,能、佛前、愿,0,1
514807699,草帽酱,拜无忧 (dj今宵我非殿上那个谁),拜,拜、浩荡、河山,1,1
167916428,草帽酱,青衣 (DJ阿卓版),为,为、相思、唱,0,0
611894041,草帽酱,春庭雪（我心匪石不可转）,我心,我心、不可、梨花,1,1
559990180,草帽酱,春庭雪 (人声弱化版),我心,我心、不可、梨花,0,0
72950376,草帽酱,拜无忧   典狱司   弱水三千   不染   长安忆   步戏   赤伶 (Live),雨,雨、拜天地、浩荡,0,0
501973109,草帽酱,拜无忧 (今宵我非殿上那个谁),拜,拜、浩荡、河山,1,1
611826621,草帽酱,古风2026 (律动版),能,能、关山、南山,0,0
331674860,草帽酱,青衣 (45秒片段),为,为、续、唱,0,0
150804647,小乐哥（王唯乐）,执迷不悟 (DJ版),会,会、执迷不悟、何止,0,1
149335244,小乐哥（王唯乐）,执迷不悟,会,会、执迷不悟、何止,0,1
153214026,小乐哥（王唯乐）,慢慢,慢慢,慢慢、不再、爱,1,1
215017183,小乐哥（王唯乐）,不甘 (DJ阿卓版),红尘,红尘、酒、这碗,0,0
214250353,小乐哥（王唯乐）,不甘,红尘,红尘、酒、这碗,0,0
246258701,小乐哥（王唯乐）,不甘,小乐,小乐、哥、弦子,0,0
154083898,小乐哥（王唯乐）,慢慢 (DJ名龙版),慢慢,慢慢、不再、爱,1,1
194025443,小乐哥（王唯乐）,高攀,高攀不起,高攀不起、昂贵、怀念,0,0
390912150,小乐哥（王唯乐）,执迷不悟 (DJ阿布版),会,会、执迷不悟、何止,0,1
93178606,小乐哥（王唯乐）,失去联络,那个,那个、曾、决定,0,0
141657638,小乐哥（王唯乐）,收敛,总是,总是、最初、十分,0,0
165880627,小乐哥（王唯乐）,终于等到这一句,像,像、等到、一句,0,1
188167746,小乐哥（王唯乐）,山水不相逢,人,人、白衣、温酒,0,0
150805291,小乐哥（王唯乐）,执迷不悟 (DJ名龙版),会,会、执迷不悟、何止,0,1
244622844,小乐哥（王唯乐）,执迷不悟 (DJ版)(0.8倍速),会,会、执迷不悟、何止,0,1
488472374,小乐哥（王唯乐）,慢慢2.0,慢慢,慢慢、不再、爱,1,1
302203018,小乐哥（王唯乐）,执迷不悟,会,会、何止、执迷不悟,0,1
194107134,小乐哥（王唯乐）,高攀 (DJ楠哈哈版),高攀不起,高攀不起、昂贵、怀念,0,0
556844247,小乐哥（王唯乐）,琵琶曲,姑娘,姑娘、琵琶曲、声,0,1
191595705,小乐哥（王唯乐）,浪漫至死不渝,落,落、浪漫、至死不渝,0,1
246252294,小乐哥（王唯乐）,不甘 (DJ版),女,女、男、红尘,0,0
276715130,小乐哥（王唯乐）,字字句句 (男声版),字字,字字、未提、喜欢,1,1
178255575,小乐哥（王唯乐）,顽疾,偏偏,偏偏、说、想念,0,0
317533960,小乐哥（王唯乐）,慢慢,慢慢,慢慢、重来、或许,1,1
147814251,小乐哥（王唯乐）,收敛,总是,总是、最初、十分,0,0
59303,迪克牛仔,有多少爱可以重来,多少,多少、爱、人,1,1
255912,迪克牛仔,风飞沙,像,像、风飞沙、爱人,0,1
255898,迪克牛仔,放手去爱,能,能、爱、放手,0,1
313033,迪克牛仔,三万英尺,三万英尺,三万英尺、椅背、像,1,1
217203,迪克牛仔,我这个你不爱的人,人,人、爱、这个,1,1
51385213,迪克牛仔,三万英尺,三万英尺,三万英尺、椅背、像,1,1
51573072,迪克牛仔,爱我的人和我爱的人,爱,爱、人、为,1,1
76617,迪克牛仔,梦醒时分,总是,总是、说、人,0,0
51575877,迪克牛仔,值得,错,错、爱、值得,0,1
217205,迪克牛仔,爱无罪,爱,爱、无罪、为,1,1
90175,迪克牛仔,有多少爱可以重来,多少,多少、爱、人,1,1
865432,迪克牛仔,天空总是那么黑,该,该、天空、总是,0,1
217206,迪克牛仔,第一号伤心人,第一号,第一号、伤心、人,1,1
51417034,迪克牛仔,水手,港口,港口、等、水手,0,1
76623,迪克牛仔,你知道我在等你吗,莫名,莫名、喜欢、深深地,0,0
6628344,迪克牛仔,四海,朋友,朋友、四海、每,0,1
76628,迪克牛仔,原来你什么都不要,也好,也好、爱、只要,0,0
51449478,迪克牛仔,有多少爱可以重来 (Live),多少,多少、人、爱,1,1
51417033,迪克牛仔,忘记我还是忘记他,想法,想法、忘记、多么,0,1
76621,迪克牛仔,有多少爱可以重来,多少,多少、人、爱,1,1
22802877,迪克牛仔,爱无罪,爱,爱、无罪、为,1,1
299961544,迪克牛仔,有多少爱可以重来,爱,爱、多少、人,1,1
57634,迪克牛仔,最后一首歌,最后,最后、一首歌、想起,1,1
644850,迪克牛仔,哭不出来,爱,爱、哭、已,0,1
165923393,队长,哪里都是你,know,know、人、忘,0,0
204930194,队长,11,能,能、高孟昊、队长,0,0
314931169,队长,碎碎念,看着,看着、会、话,0,0
177466400,队长,楼顶上的小斑鸠,go,go、wanna、当然,0,0
233668622,队长,NUNA,nuna,nuna、想、你好,1,1
68959988,队长,哪里都是你2.0,哪里,哪里、忘、can,1,1
238605530,队长,NUNA 2.0,想,想、你好、还好,0,0
337288870,队长,哪里都是你・2024,忘掉,忘掉、忘记、人,0,0
473535833,队长,一天,一天,一天、除了、模样,1,1
177466269,队长,可能,可能,可能、想起、说,1,1
572034758,队长,一天,一天,一天、除了、模样,1,1
572033528,队长,同和,love,love、做、选择,0,0
146198895,队长,Let Go,let,let、go、别,1,1
91965944,队长,Falling Down,falling,falling、down、好像,1,1
177466224,队长,明天,不管,不管、心里、曾,0,0
255870288,队长,LOVE,想,想、莫名、陪,0,0
218488381,队长,11 (网友改编),能,能、人、会,0,0
337288862,队长,Let Go・2024,let,let、go、别,1,1
348196346,队长,影子,可,可、不到、是因为,0,0
265670651,队长,一定会再见吧,会,会、一定、再见,1,1
445932199,队长,11 (Live),能,能、为、音乐,0,0
394231405,队长,炊烟,炊烟,炊烟、队长、侯磊,1,1
475833471,队长,微光,前方,前方、微光、一盏,0,1
68850798,队长,夜行,听,听、狠毒、人,0,0
572034669,队长,第三个人称,心里,心里、只、说,0,0
51384500,Richard Clayderman,梦中的婚礼,此,此、歌曲、为,0,0
28697867,Richard Clayderman,蓝色的爱,纯音乐,纯音乐、请、欣赏,0,0
28681190,Richard Clayderman,献给爱丽丝,该,该、歌曲、为,0,0
545713,Richard Clayderman,梦中的婚礼,婚礼,婚礼、为、理查德,1,1
6246939,Richard Clayderman,瓦妮莎的微笑,瓦妮,瓦妮、莎、微笑,1,1
28719766,Richard Clayderman,A Comme Amour (秋日的私语) (纯音乐),该,该、歌曲、为,0,0
6316593,Richard Clayderman,梦中的婚礼(Mariage D'amour 伴奏版),该,该、歌曲、为,0,0
877591,Richard Clayderman,梁祝 (钢琴),名字,名字、沉默、几世纪,0,0
297279,Richard Clayderman,水边的阿狄丽娜(Ballade Four Adeline),阿,阿、狄丽娜、水边,1,1
545715,Richard Clayderman,秋日的私语,秋天里,秋天里、或许、秋日,0,1
28697726,Richard Clayderman,爱的协奏曲 (纯音乐),理查,理查、唱片、delphine,0,0
27885682,Richard Clayderman,爱的纪念,爱,爱、纪念、理查德,1,1
51387051,Richard Clayderman,Scar,本,本、节目、暂,0,0
51384047,Richard Clayderman,绿袖子,该,该、歌曲、为,0,0
104595,阿桑,一直很安静,爱,爱、一直、安静,0,1
27102831,阿桑,一直很安静,爱,爱、一直、安静,0,1
104599,阿桑,寂寞在唱歌,听,听、寂寞、唱歌,0,1
82425,阿桑,温柔的慈悲,温柔,温柔、慈悲、再也,1,1
42657114,阿桑,叶子,人,人、叶子、翅膀,0,1
82424,阿桑,受了点伤,会,会、love、晚安,0,0
6685614,阿桑,一直很安静,爱,爱、一直、安静,0,1
44409838,阿桑,野百合也有春天,别忘了,别忘了、山谷、里,0,0
272201695,阿桑,一直很安静 (闳识孤怀变速版),爱,爱、一直、安静,0,1
20676233,阿桑,寂寞在唱歌,听,听、寂寞、唱歌,0,1
42511443,阿桑,叶子,人,人、叶子、翅膀,0,1
22811106,阿桑,你要离开的一些时候,等,等、多久、前,0,0
272200619,阿桑,一直很安静 (Live),爱,爱、一直、安静,0,1
104592,阿桑,被动,被动,被动、向前走、该,1,1
82419,阿桑,看透,已,已、爱、承诺,0,0
82423,阿桑,我不想,不想,不想、想、温柔,1,1
272206959,阿桑,一直很安静 (JZ0.9X版),像,像、一直、爱,0,1
269467505,阿桑,一直很安静 (降调版|网友改编),爱,爱、一直、安静,0,1
104598,阿桑,开车,会,会、开、人,0,1
104596,阿桑,保管,风,风、想象、爱情,0,0
82427,阿桑,叶子 (秋天版),人,人、叶子、翅膀,0,1
82422,阿桑,如果爱你只有这一次,也好,也好、爱、一次,0,1
104593,阿桑,Angel,from,from、some、arms,0,0
541724166,周慧敏,歌曲：立春,滴答,滴答、屋檐、雨落,0,0
608526,周慧敏,最爱,难,难、月、爱,0,1
22846325,周慧敏,痴心换情深,说,说、像、爱,0,0
1294423,周慧敏,痴心换情深,说,说、爱、随,0,0
131531,周慧敏,痴心换情深,说,说、像、爱,0,0
6946813,周慧敏,最爱,难,难、月、爱,0,1
239748,周慧敏, 自作多情,因,因、今晚、造梦,0,0
40960583,周慧敏,天荒爱未老,爱,爱、求天、荒爱,1,1
160651906,周慧敏,最爱,难,难、爱、退和涨,0,1
142366610,周慧敏,红颜知己 (DJ阿荣版),一生,一生、希望、痴心,0,0
616747,周慧敏,爱得太迟,男,男、女、合,0,0
3190909,周慧敏,痴心换情深,说,说、爱、随,0,0
25261421,周慧敏,最爱 (Piano Version),难,难、月、爱,0,1
27158050,周慧敏,痴心换情深,说,说、像、爱,0,0
1231085,周慧敏,失眠,告诉,告诉、星星、想着,0,0
240940464,周慧敏,红颜知己,一生,一生、希望、痴心,0,0
239892,周慧敏,最爱,难,难、月、爱,0,1
4076586,周慧敏,自作多情,因,因、今晚、做梦,0,0
12875840,周慧敏,最爱,难,难、爱、月,0,1
45819139,周慧敏,情未了,女,女、男、合,0,0
11469343,周慧敏,天荒爱未老,爱,爱、求天、荒爱,1,1
39511269,周慧敏,情未了,女,女、男、情未了,0,1
129654,周慧敏,台下女主角,能,能、像、女主角,0,1
24041001,周慧敏,痴心换情深,说,说、爱、随,0,0
573981948,伯爵Johnny,西厢寻他 (架子鼓版),天地,天地、大、爱恨,0,0
268363141,伯爵Johnny,良人归 (我苦等的良人),伯爵,伯爵、johnny、一寸,0,0
206964137,伯爵Johnny,西厢寻他 (DJ阿远版),伯爵,伯爵、johnny、天地,0,0
491551621,伯爵Johnny,伯虎说DJ (remix),人,人、问、明月,0,0
497926748,伯爵Johnny,伯虎说 (卡点版),人,人、问、明月,0,0
491551592,伯爵Johnny,伯虎说DJ (remix0.9),人,人、问、明月,0,0
491551588,伯爵Johnny,伯虎说DJ (纯享版),明月,明月、万年、人,0,0
274678913,伯爵Johnny,红灯戏,虽说,虽说、亲眷、伯爵,0,0
284147471,伯爵Johnny,伯虎说 (无 rap 版),问,问、人、公子王孙,0,0
489899587,伯爵Johnny,伯虎说 (DJ变速版),问,问、一壶、炊烟,0,0
496597039,伯爵Johnny,伯虎说 (左右环绕版),人,人、问、明月,0,0
489899619,伯爵Johnny,伯虎说 (柠檬叉摇),问,问、明月、万年,0,0
161204989,伯爵Johnny,寸步心上,一,一、伯爵、johnny,0,0
501974754,伯爵Johnny,伯虎说 (停顿版),人,人、问、明月,0,0
489883297,伯爵Johnny,伯虎说 (动感版),问,问、明月、万年,0,0
24154948,Lady Gaga,The Cure,ll,ll、良药、我会,0,0
55281347,Lady Gaga,Always Remember Us This Way,when,when、lady、gaga,0,0
3536269,Lady Gaga,Poker Face,mum,mum、can、read,0,0
145240996,Lady Gaga,Telephone,eh,eh、stop、telephone,0,1
58926788,Lady Gaga,Always Remember Us This Way,when,when、lady、gaga,0,0
25279724,Lady Gaga,Poker Face,mum,mum、can、read,0,0
403397,Lady Gaga,Poker Face (Live),mum,mum、can、read,0,0
1457907,Lady Gaga,Bad Romance,爱恋,爱恋、于、want,0,0
478338,Lady Gaga,Just Dance,dance,dance、just、da,1,1
454602076,Lady Gaga,Abracadabra,abracadabra,abracadabra、oo、gaga,1,1
40370009,Lady Gaga,Poker Face,mum,mum、can、read,0,0
190548790,Lady Gaga,Sour Candy (Shygirl & Mura Masa Remix),take,take、bite、浅尝,0,0
3479176,Lady Gaga,Bloody Mary,da,da、hands、dance,0,0
58919659,Lady Gaga,Always Remember Us This Way,when,when、lady、gaga,0,0
145241078,Lady Gaga,Bad Romance,爱恋,爱恋、于、want,0,0
145245616,Lady Gaga,Poker Face,mum,mum、can、read,0,0
257244674,Lady Gaga,Always Remember Us This Way(Complete version originally performed by Lady Gaga) (Complete version originally performed by Lady Gaga),when,when、属于、亲爱,0,0
141417010,Lady Gaga,Sour Candy,sour,sour、candy、糖果,1,1
3524062,Lady Gaga,Poker Face,mum,mum、can、read,0,0
5270004,Lady Gaga,Bloody Mary,da,da、hands、dance,0,0
406017635,Lady Gaga,Die With A Smile,was,was、wanna、next,0,0
75480028,Lady Gaga,Telephone,eh,eh、stop、re,0,0
140936291,Lady Gaga,Rain On Me,rain,rain、雨水、滂沱,1,1
191431277,Lady Gaga,Poker Face (Explicit),can,can、read、懂,0,0
3527051,Lady Gaga,Telephone (w/o Beyonce),打电话,打电话、stop、别,0,0
