rid,singer,title,clean_title,occurrences,appeared
228908,周杰伦,晴天,晴天,0,0
324244,周杰伦,青花瓷,青花瓷,3,1
440613,周杰伦,稻香,稻香,3,1
94237,周杰伦,七里香,七里香,1,1
440616,周杰伦,兰亭序,兰亭序,0,0
440615,周杰伦,花海,花海,0,0
7149583,周杰伦,告白气球,告白气球,2,1
118980,周杰伦,夜曲,夜曲,4,1
94239,周杰伦,搁浅,搁浅,2,1
3195905,周杰伦,红尘客栈,红尘客栈,2,1
324243,周杰伦,蒲公英的约定,蒲公英的约定,0,0
118987,周杰伦,枫,枫,5,1
440623,周杰伦,说好的幸福呢,说好的幸福呢,6,1
728677,周杰伦,烟花易冷,烟花易冷,1,1
6871880,周杰伦,一路向北,一路向北,3,1
550531860,周杰伦,那天下雨了,那天下雨了,0,0
440614,周杰伦,给我一首歌的时间,给我一首歌的时间,6,1
588552,周杰伦,爱在西元前,爱在西元前,2,1
138246,周杰伦,退后,退后,3,1
118990,周杰伦,发如雪,发如雪,10,1
156522,周杰伦,简单爱,简单爱,0,0
3197116,周杰伦,明明就,明明就,7,1
728675,周杰伦,说了再见,说了再见,3,1
235498,周杰伦,半岛铁盒,半岛铁盒,2,1
138243,周杰伦,听妈妈的话,听妈妈的话,6,1
93157,林俊杰,江南,江南,3,1
93151,林俊杰,美人鱼,美人鱼,0,0
27352695,林俊杰,街道,街道,13,1
442546,林俊杰,Always Online,Always Online,7,1
992040,林俊杰,背对背拥抱,背对背拥抱,6,1
3244328,林俊杰,修炼爱情,修炼爱情,5,1
125802,林俊杰,曹操,曹操,3,1
106364,林俊杰,一千年以后,一千年以后,6,1
197473430,林俊杰,可惜没如果,可惜没如果,4,1
6802907,林俊杰,关键词,关键词,3,1
908195,林俊杰,当你,当你,18,1
1120967,林俊杰,那些你很冒险的梦,那些你很冒险的梦,3,1
442549,林俊杰,不潮不用花钱,不潮不用花钱,0,0
27783249,林俊杰,小酒窝,小酒窝,5,1
441757,林俊杰,我还想她,我还想她,4,1
270880103,林俊杰,愿与愁,愿与愁,3,1
6182865,林俊杰,可惜没如果,可惜没如果,4,1
6192858,林俊杰,手心的蔷薇,手心的蔷薇,3,1
438658,林俊杰,醉赤壁,醉赤壁,0,0
3209103,林俊杰,江南,江南,3,1
260712441,林俊杰,达尔文,达尔文,1,1
891712,林俊杰,她说,她说,2,1
41212233,林俊杰,飞云之下,飞云之下,6,1
908202,林俊杰,心墙,心墙,0,0
3209099,林俊杰,不潮不用花钱,不潮不用花钱,0,0
321260769,G.E.M. 邓紫棋,唯一,唯一,3,1
5245130,G.E.M. 邓紫棋,喜欢你,喜欢你,3,1
39515638,G.E.M. 邓紫棋,桃花诺,桃花诺,0,0
1245657,G.E.M. 邓紫棋,泡沫,泡沫,10,1
15195332,G.E.M. 邓紫棋,光年之外,光年之外,2,1
6307329,G.E.M. 邓紫棋,多远都要在一起,多远都要在一起,3,1
5746578,G.E.M. 邓紫棋,龙卷风,龙卷风,6,1
51648461,G.E.M. 邓紫棋,倒数,倒数,6,1
6691107,G.E.M. 邓紫棋,来自天堂的魔鬼,来自天堂的魔鬼,3,1
6683124,G.E.M. 邓紫棋,再见,再见,16,1
321271232,G.E.M. 邓紫棋,唯一 (Live),唯一,0,0
83765010,G.E.M. 邓紫棋,句号,句号,3,1
22837411,G.E.M. 邓紫棋,写不完的温柔,写不完的温柔,0,0
157537198,G.E.M. 邓紫棋,泡沫 (3D环绕版),泡沫 (3D环绕版),0,0
889558,G.E.M. 邓紫棋,我的秘密,我的秘密,2,1
442262,G.E.M. 邓紫棋,Where Did U Go (Album Version),Where Did U Go (Album Version),0,0
6488737,G.E.M. 邓紫棋,你不是真正的快乐,你不是真正的快乐,4,1
557982910,G.E.M. 邓紫棋,让你知道,让你知道,21,1
7087465,G.E.M. 邓紫棋,画 (Live Piano Session Ⅱ),画,4,1
478175183,G.E.M. 邓紫棋,光年之外 (G.E.M.重生版),光年之外 (G.E.M.重生版),0,0
727161,G.E.M. 邓紫棋,A.I.N.Y.,A.I.N.Y.,0,0
319933051,G.E.M. 邓紫棋,海阔天空,海阔天空,0,0
7187128,G.E.M. 邓紫棋,红蔷薇白玫瑰,红蔷薇白玫瑰,0,0
4836506,G.E.M. 邓紫棋,后会无期,后会无期,0,0
80403,陈奕迅,十年,十年,4,1
198554068,陈奕迅,孤勇者,孤勇者,0,0
317730,陈奕迅,富士山下,富士山下,0,0
239082,陈奕迅,爱情转移,爱情转移,0,0
110247,陈奕迅,浮夸,浮夸,3,1
1038994,陈奕迅,好久不见,好久不见,2,1
941528,陈奕迅,因为爱情,因为爱情,8,1
236687,陈奕迅,淘汰,淘汰,3,1
391611,陈奕迅,不要说话,不要说话,3,1
320058,陈奕迅,单车,单车,3,1
1037667,陈奕迅,红玫瑰,红玫瑰,0,0
1038144,陈奕迅,十年,十年,4,1
4148191,陈奕迅,阴天快乐,阴天快乐,3,1
231144,陈奕迅,最佳损友,最佳损友,1,1
6655007,陈奕迅,陪你度过漫长岁月,陪你度过漫长岁月,0,0
1104619,陈奕迅,孤独患者,孤独患者,6,1
28423286,陈奕迅,富士山下,富士山下,0,0
387111,陈奕迅,富士山下,富士山下,0,0
3236471,陈奕迅,稳稳的幸福,稳稳的幸福,7,1
124335,陈奕迅,最佳损友,最佳损友,1,1
125120,陈奕迅,K歌之王,K歌之王,1,1
110246,陈奕迅,葡萄成熟时,葡萄成熟时,0,0
293133,陈奕迅,十面埋伏,十面埋伏,2,1
665155,陈奕迅,一丝不挂,一丝不挂,0,0
200677874,陈奕迅,孤勇者(热血epic版),孤勇者(热血epic版),0,0
5886682,BEYOND,海阔天空,海阔天空,0,0
1033391,BEYOND,真的爱你,真的爱你,4,1
1106172,BEYOND,光辉岁月,光辉岁月,5,1
1218733,BEYOND,灰色轨迹,灰色轨迹,0,0
174206,BEYOND,不再犹豫,不再犹豫,0,0
4837187,BEYOND,光辉岁月,光辉岁月,5,1
5062432,BEYOND,情人,情人,0,0
19534406,BEYOND,光辉岁月,光辉岁月,5,1
102861,BEYOND,大地,大地,1,1
174051,BEYOND,喜欢你,喜欢你,3,1
174250,BEYOND,海阔天空,海阔天空,0,0
93385,BEYOND,不再犹豫,不再犹豫,0,0
81190066,BEYOND,AMANI,AMANI,16,1
155169760,BEYOND,海阔天空 (chunk 1),海阔天空 (chunk 1),0,0
68775530,BEYOND,冷雨夜,冷雨夜,6,1
363246,BEYOND,逝去日子,逝去日子,10,1
1106150,BEYOND,午夜怨曲,午夜怨曲,0,0
378414277,BEYOND,灰色軌跡 (Grey Trail),灰色軌跡 (Grey Trail),0,0
174205,BEYOND,谁伴我闯荡,谁伴我闯荡,2,1
174183,BEYOND,无悔这一生,无悔这一生,1,1
21120764,BEYOND,光辉岁月,光辉岁月,5,1
79376,BEYOND,无尽空虚,无尽空虚,4,1
174172,BEYOND,谁伴我闯荡,谁伴我闯荡,2,1
21765238,BEYOND,海阔天空,海阔天空,0,0
332301462,BEYOND,海阔天空 (Edit),海阔天空 (Edit),0,0
157908,张学友,吻别,吻别,6,1
157606,张学友,一路上有你,一路上有你,8,1
157767,张学友,等你等到我心痛,等你等到我心痛,0,0
4076579,张学友,旧情绵绵,旧情绵绵,0,0
357996004,张学友,一千个伤心的理由,一千个伤心的理由,12,1
377528,张学友,等你等到我心痛,等你等到我心痛,0,0
328049,张学友,我等到花儿也谢了,我等到花儿也谢了,7,1
157612,张学友,如果这都不算爱,如果这都不算爱,4,1
157938,张学友,偷心,偷心,0,0
158181,张学友,祝福,祝福,3,1
157761,张学友,只想一生跟你走,只想一生跟你走,0,0
158082,张学友,忘情冷雨夜,忘情冷雨夜,0,0
54272,张学友,只想一生跟你走,只想一生跟你走,0,0
25251970,张学友,遥远的她,遥远的她,6,1
328050,张学友,一千个伤心的理由,一千个伤心的理由,12,1
122173,张学友,一千个伤心的理由 (Live),一千个伤心的理由,12,1
225689,张学友,烦恼歌,烦恼歌,0,0
158039,张学友,如果这都不算爱,如果这都不算爱,4,1
99018,张学友,忘记你我做不到,忘记你我做不到,6,1
158205,张学友,情系半生,情系半生,0,0
99011,张学友,心如刀割,心如刀割,2,1
158190,张学友,相思风雨中,相思风雨中,2,1
99020,张学友,情书,情书,6,1
237807,张学友,想和你去吹吹风,想和你去吹吹风,0,0
157907,张学友,情网,情网,0,0
201182467,王力宏,天地龙鳞,天地龙鳞,0,0
102428,王力宏,爱错,爱错,5,1
271333,王力宏,我们的歌,我们的歌,5,1
3307158,王力宏,你不知道的事,你不知道的事,3,1
844993,王力宏,需要人陪,需要人陪,3,1
123002,王力宏,大城小爱,大城小爱,0,0
36878203,王力宏,缘分一道桥,缘分一道桥,0,0
1172909,王力宏,大城小爱,大城小爱,0,0
152718,王力宏,花田错,花田错,0,0
459553,王力宏,心跳,心跳,6,1
269038,王力宏,好心分手,好心分手,1,1
271337,王力宏,改变自己,改变自己,7,1
102433,王力宏,心中的日月,心中的日月,6,1
1094546,王力宏,爱错,爱错,5,1
3138971,王力宏,龙的传人,龙的传人,6,1
41224784,王力宏,唯一,唯一,6,1
23543604,王力宏,我们的歌,我们的歌,5,1
1094249,王力宏,依然爱你,依然爱你,12,1
271374,王力宏,你是我心内的一首歌,你是我心内的一首歌,2,1
3424900,王力宏,好心分手 (合唱版),好心分手 (合唱版),0,0
373778,王力宏,爱的就是你,爱的就是你,18,1
6247223,王力宏,爱一点,爱一点,0,0
562768,王力宏,爱错 (Live),爱错,6,1
459547,王力宏,春雨里洗过的太阳,春雨里洗过的太阳,7,1
228429,王力宏,好心分手,好心分手,1,1
149073,刘德华,暗里着迷 (粤),暗里着迷 (粤),0,0
51525519,刘德华,暗里着迷 (Radio Edit),暗里着迷 (Radio Edit),0,0
325771,刘德华,忘情水,忘情水,6,1
79245,刘德华,17岁,17岁,0,0
107200,刘德华,一起走过的日子,一起走过的日子,1,1
45851778,刘德华,来生缘,来生缘,0,0
626867,刘德华,来生缘,来生缘,0,0
148993,刘德华,一起走过的日子,一起走过的日子,1,1
148747,刘德华,世界第一等,世界第一等,3,1
329669,刘德华,今天,今天,6,1
92088,刘德华,练习,练习,6,1
327687,刘德华,冰雨,冰雨,3,1
359900,刘德华,恭喜发财,恭喜发财,4,1
28532548,刘德华,练习,练习,6,1
325760,刘德华,情感的禁区,情感的禁区,6,1
22857473,刘德华,忘情水 (98新编重唱版),忘情水 (98新编重唱版),0,0
1226269,刘德华,独自去偷欢 (Original Mix),独自去偷欢 (Original Mix),0,0
22818759,刘德华,谢谢你的爱,谢谢你的爱,4,1
981432,刘德华,天意,天意,6,1
10642943,刘德华,17岁,17岁,0,0
1967707,刘德华,17岁,17岁,0,0
22815190,刘德华,开心的马骝,开心的马骝,0,0
540927,刘德华,无间道,无间道,2,1
56183,刘德华,今天,今天,6,1
148946,刘德华,男人哭吧不是罪,男人哭吧不是罪,0,0
1044318,周传雄,黄昏,黄昏,8,1
320462,周传雄,青花,青花,5,1
492209,周传雄,冬天的秘密,冬天的秘密,2,1
111658,周传雄,寂寞沙洲冷,寂寞沙洲冷,0,0
492211,周传雄,关不上的窗,关不上的窗,0,0
4278514,周传雄,关不上的窗,关不上的窗,0,0
600825110,周传雄,烟雨平生,烟雨平生,0,0
156306,周传雄,男人海洋,男人海洋,0,0
156404,周传雄,我的心太乱,我的心太乱,12,1
51498063,周传雄,蓝色土耳其,蓝色土耳其,4,1
92041,周传雄,黄昏,黄昏,8,1
286264018,周传雄,黄昏 (3D环绕版),黄昏 (3D环绕版),0,0
320463,周传雄,弱水三千,弱水三千,2,1
6874743,周传雄,黄昏,黄昏,8,1
5052923,周传雄,花香,花香,8,1
38837136,周传雄,寂寞沙洲冷 (Live),寂寞沙洲冷,0,0
156408,周传雄,暖风,暖风,6,1
1044316,周传雄,记事本,记事本,1,1
1033999,周传雄,花香,花香,8,1
22831436,周传雄,黄昏 (Live),黄昏,8,1
1033996,周传雄,有没有一首歌会让你想起我,有没有一首歌会让你想起我,0,0
1044312,周传雄,出卖,出卖,6,1
171422611,周传雄,男人海洋,男人海洋,0,0
156365,周传雄,吉普赛情人,吉普赛情人,0,0
6749354,周传雄,关不上的窗 (Live),关不上的窗,0,0
203164,刀郎,西海情歌,西海情歌,0,0
288010178,刀郎,罗刹海市,罗刹海市,0,0
90515,刀郎,冲动的惩罚,冲动的惩罚,0,0
125223,刀郎,2002年的第一场雪,2002年的第一场雪,4,1
102868,刀郎,喀什噶尔胡杨,喀什噶尔胡杨,0,0
553695612,刀郎,大江南,大江南,1,1
143634,刀郎,冲动的惩罚,冲动的惩罚,0,0
288010103,刀郎,花妖,花妖,0,0
295234,刀郎,西海情歌 (Live),西海情歌,0,0
129386,刀郎,披着羊皮的狼,披着羊皮的狼,1,1
981274,刀郎,谢谢你,谢谢你,9,1
90519,刀郎,情人,情人,3,1
288010079,刀郎,翩翩,翩翩,0,0
90516,刀郎,驼铃,驼铃,2,1
288010051,刀郎,颠倒歌,颠倒歌,0,0
15890524,刀郎,守候在凌晨两点的伤心秀吧,守候在凌晨两点的伤心秀吧,6,1
376964,刀郎,我的祖国,我的祖国,0,0
90517,刀郎,雨中飘荡的回忆,雨中飘荡的回忆,0,0
589505,刀郎,喀什噶尔胡杨 (Demo珍藏版),喀什噶尔胡杨,0,0
1084311,刀郎,黄玫瑰,黄玫瑰,2,1
376966,刀郎,映山红,映山红,14,1
143640,刀郎,情人,情人,3,1
6006093,刀郎,永远的兄弟,永远的兄弟,0,0
550484912,刀郎,鸿雁于飞,鸿雁于飞,3,1
288010113,刀郎,镜听,镜听,0,0
77861,王杰,忘了你忘了我,忘了你忘了我,3,1
312328,王杰,不浪漫罪名,不浪漫罪名,0,0
71743,王杰,我是真的爱上你,我是真的爱上你,3,1
152958,王杰,谁明浪子心,谁明浪子心,0,0
77852,王杰,一场游戏一场梦,一场游戏一场梦,4,1
78721,王杰,为了爱梦一生,为了爱梦一生,3,1
216456,王杰,伤心1999,伤心1999,2,1
78024,王杰,英雄泪,英雄泪,2,1
77845,王杰,安妮,安妮,12,1
77871,王杰,是否我真的一无所有,是否我真的一无所有,8,1
77872,王杰,她的背影,她的背影,2,1
59147135,王杰,忘了你忘了我,忘了你忘了我,3,1
391758421,王杰,忘了你，忘了我,忘了你，忘了我,3,1
51556875,王杰,祈祷,祈祷,2,1
7082157,王杰,一场游戏一场梦,一场游戏一场梦,4,1
237848,王杰,一场游戏一场梦,一场游戏一场梦,4,1
86752,王杰,谁明浪子心,谁明浪子心,0,0
1690909,王杰,忘了你，忘了我,忘了你，忘了我,3,1
329097,王杰,封锁我一生,封锁我一生,2,1
78694,王杰,忘了你忘了我,忘了你忘了我,3,1
145584145,王杰,伤心1999 (3D环绕版),伤心1999 (3D环绕版),0,0
87006,王杰,我是真的爱上你,我是真的爱上你,3,1
152964,王杰,一无所有 (是否我真的一无所有),一无所有 (是否我真的一无所有),0,0
77851,王杰,一场游戏一场梦 II,一场游戏一场梦 II,0,0
78036,王杰,红尘有你,红尘有你,8,1
61997,任贤齐,伤心太平洋,伤心太平洋,0,0
324884,任贤齐,心太软,心太软,12,1
1027368,任贤齐,天涯,天涯,10,1
61990,任贤齐,我是一只鱼,我是一只鱼,4,1
401023,任贤齐,伤心太平洋 (Live),伤心太平洋,0,0
237413,任贤齐,还有我,还有我,3,1
38044116,任贤齐,流着泪的你的脸,流着泪的你的脸,8,1
1027367,任贤齐,死不了,死不了,8,1
151087,任贤齐,心太软,心太软,12,1
62019,任贤齐,橘子香水,橘子香水,3,1
51450795,任贤齐,天涯 (Live),天涯,8,1
62008,任贤齐,花太香,花太香,2,1
665163,任贤齐,兄弟,兄弟,5,1
62020,任贤齐,流着泪的你的脸,流着泪的你的脸,8,1
38048760,任贤齐,兄弟 (Live),兄弟,5,1
61987,任贤齐,沧海一声笑,沧海一声笑,0,0
28680848,任贤齐,浪花一朵朵,浪花一朵朵,4,1
62021,任贤齐,春天花会开,春天花会开,2,1
324875,任贤齐,只爱你一个人,只爱你一个人,5,1
74659,任贤齐,伤心太平洋,伤心太平洋,0,0
223322,任贤齐,花好月圆夜,花好月圆夜,4,1
151075,任贤齐,天涯,天涯,10,1
264325284,任贤齐,伤心太平洋 (Live),伤心太平洋,0,0
67901186,任贤齐,心太软,心太软,12,1
324879,任贤齐,哭个痛快,哭个痛快,10,1
140897945,张韶涵,破茧,破茧,2,1
389528329,张韶涵,暮色回响,暮色回响,0,0
291598,张韶涵,隐形的翅膀,隐形的翅膀,4,1
218798912,张韶涵,篇章,篇章,0,0
40098317,张韶涵,阿刁 (Live),阿刁,9,1
443562738,张韶涵,无名的人,无名的人,6,1
324865,张韶涵,快乐崇拜,快乐崇拜,6,1
4597352,张韶涵,淋雨一直走,淋雨一直走,8,1
344896,张韶涵,亲爱的，那不是爱情,亲爱的，那不是爱情,0,0
222675197,张韶涵,一路生花 (Live),一路生花,8,1
2863563,张韶涵,有形的翅膀,有形的翅膀,3,1
100101,张韶涵,欧若拉,欧若拉,4,1
109992,张韶涵,如果的事,如果的事,3,1
618486778,张韶涵,遗忘之海（Sea of Remnants）,遗忘之海（Sea of Remnants）,0,0
447376808,张韶涵,大小孩,大小孩,0,0
85412,张韶涵,寓言,寓言,4,1
512915150,张韶涵,昔涟,昔涟,0,0
90460991,张韶涵,黎明前的黑暗 (Live),黎明前的黑暗,0,0
85404,张韶涵,遗失的美好,遗失的美好,6,1
86767608,张韶涵,红红的太阳,红红的太阳,8,1
123122,张韶涵,香水百合,香水百合,4,1
45813753,张韶涵,快乐崇拜,快乐崇拜,6,1
384351210,张韶涵,稻香 (Live),稻香,6,1
278825068,张韶涵,明天会更好 (Live),明天会更好,5,1
154379563,张韶涵,隐形的翅膀 (3D环绕版),隐形的翅膀 (3D环绕版),0,0
40831785,张信哲,过火,过火,0,0
51386354,张信哲,爱如潮水,爱如潮水,6,1
78988,张信哲,别怕我伤心,别怕我伤心,3,1
993960,张信哲,爱就一个字,爱就一个字,6,1
322009,张信哲,信仰,信仰,7,1
40830819,张信哲,过火,过火,0,0
4078945,张信哲,别怕我伤心,别怕我伤心,3,1
108414,张信哲,太想爱你,太想爱你,9,1
1024574,张信哲,有一点动心,有一点动心,4,1
4826617,张信哲,爱如潮水,爱如潮水,6,1
108524,张信哲,不要对他说,不要对他说,8,1
110919,张信哲,信仰,信仰,7,1
168540310,张信哲,有一点动心,有一点动心,4,1
994137,张信哲,宽容,宽容,3,1
4826628,张信哲,别怕我伤心,别怕我伤心,3,1
40969594,张信哲,有一点动心,有一点动心,4,1
22837975,张信哲,难以抗拒你容颜,难以抗拒你容颜,8,1
1025738,张信哲,从开始到现在,从开始到现在,0,0
6906501,张信哲,信仰 (Live),信仰,7,1
1062369,张信哲,信仰,信仰,7,1
40834961,张信哲,用情,用情,6,1
40832193,张信哲,爱就一个字,爱就一个字,6,1
108391,张信哲,用情,用情,6,1
152168,谭咏麟,讲不出再见,讲不出再见,4,1
101700,谭咏麟,披着羊皮的狼,披着羊皮的狼,1,1
22846462,谭咏麟,讲不出再见,讲不出再见,4,1
54498,谭咏麟,一生中最爱,一生中最爱,2,1
30357340,谭咏麟,小珊瑚,小珊瑚,3,1
54394,谭咏麟,朋友,朋友,5,1
152274,谭咏麟,梦仍是一样,梦仍是一样,3,1
152150,谭咏麟,水中花,水中花,0,0
152464,谭咏麟,难舍难分,难舍难分,0,0
22862655,谭咏麟,卡拉永远OK (Future Underworld Mix),卡拉永远OK (Future Underworld Mix),0,0
2837466,谭咏麟,爱多一次痛多一次,爱多一次痛多一次,3,1
6683591,谭咏麟,一生中最爱,一生中最爱,2,1
54416,谭咏麟,无言感激,无言感激,0,0
112987,谭咏麟,卡拉永远OK,卡拉永远OK,3,1
225816000,谭咏麟,前,前,9,1
3621069,谭咏麟,爱在深秋,爱在深秋,0,0
1701617,谭咏麟,水中花,水中花,0,0
54390,谭咏麟,爱情陷阱,爱情陷阱,0,0
537676,谭咏麟,活得潇洒,活得潇洒,2,1
113012,谭咏麟,再见亦是泪!?,再见亦是泪!?,1,1
162184869,谭咏麟,讲不出再见 (3D环绕版),讲不出再见 (3D环绕版),0,0
1014354,谭咏麟,也曾相识,也曾相识,0,0
152195,谭咏麟,再见亦是泪!?,再见亦是泪!?,1,1
21765044,谭咏麟,明天会更好,明天会更好,0,0
3809725,谭咏麟,总有你鼓励,总有你鼓励,0,0
521282545,陈小春,街角的晚风,街角的晚风,0,0
588310067,陈小春,借过一下 (Live),借过一下,1,1
381027,陈小春,独家记忆,独家记忆,0,0
6763670,陈小春,相依为命,相依为命,0,0
455591,陈小春,算你狠,算你狠,2,1
3207568,陈小春,乱世巨星,乱世巨星,0,0
23542369,陈小春,我爱的人,我爱的人,4,1
336113,陈小春,算你狠,算你狠,2,1
259468250,陈小春,中国梦·我的梦,中国梦·我的梦,0,0
455582,陈小春,离不开你,离不开你,6,1
541954309,陈小春,街角的晚风 (2026东方卫视春节晚会现场),街角的晚风,0,0
54248297,陈小春,友情岁月,友情岁月,0,0
238204,陈小春,算你狠,算你狠,2,1
6763660,陈小春,神啊 救救我,神啊 救救我,6,1
30331134,陈小春,独家记忆,独家记忆,0,0
539854,陈小春,战无不胜,战无不胜,2,1
186613063,陈小春,真的汉子,真的汉子,4,1
216626966,陈小春,大道有情,大道有情,0,0
1076364,陈小春,热血燃烧,热血燃烧,0,0
6762950,陈小春,叱咤红人,叱咤红人,0,0
142988,陈小春,0932,0932,10,1
86999,陈小春,相依为命,相依为命,0,0
579881453,陈小春,要你管 X 算你狠 (Live),要你管 X 算你狠,0,0
3565395,陈小春,相依为命,相依为命,0,0
794477,陈小春,没那种命,没那种命,5,1
465829,梁静茹,情歌,情歌,4,1
164700,梁静茹,勇气,勇气,6,1
334795,梁静茹,会呼吸的痛,会呼吸的痛,4,1
213973,梁静茹,暖暖,暖暖,6,1
96604,梁静茹,宁夏,宁夏,1,1
326438,梁静茹,给未来的自己,给未来的自己,2,1
3911424,梁静茹,可惜不是你,可惜不是你,3,1
82767,梁静茹,勇气,勇气,6,1
69319382,梁静茹,慢冷,慢冷,3,1
22841403,梁静茹,问,问,1,1
28869184,梁静茹,分手快乐,分手快乐,4,1
934086,梁静茹,会呼吸的痛,会呼吸的痛,4,1
1553776,梁静茹,爱久见人心,爱久见人心,3,1
463063,梁静茹,没有如果,没有如果,14,1
213974,梁静茹,小手拉大手,小手拉大手,7,1
1025040,梁静茹,问 (Live),问,1,1
164701,梁静茹,爱你不是两三天,爱你不是两三天,6,1
164699,梁静茹,如果有一天,如果有一天,3,1
1027785,梁静茹,情歌,情歌,4,1
540920,梁静茹,梦醒时分 (Live),梦醒时分,3,1
164616,梁静茹,分手快乐,分手快乐,4,1
12367214,梁静茹,丝路,丝路,4,1
452405992,梁静茹,住在心里的人,住在心里的人,0,0
91823,梁静茹,明明很爱你,明明很爱你,6,1
934091,梁静茹,暖暖,暖暖,6,1
231323,孙燕姿,我怀念的,我怀念的,10,1
296504,孙燕姿,遇见,遇见,3,1
325842,孙燕姿,开始懂了,开始懂了,3,1
234519,孙燕姿,遇见,遇见,3,1
423818,孙燕姿,绿光,绿光,8,1
95769,孙燕姿,我不难过,我不难过,3,1
117839,孙燕姿,第一天,第一天,11,1
231321,孙燕姿,逆光,逆光,0,0
325268,孙燕姿,天黑黑,天黑黑,6,1
22286406,孙燕姿,遇见,遇见,3,1
182814,孙燕姿,"Tonight, I feel close to you (with 孫 燕姿<yan-zi>)","Tonight, I feel close to you (with 孫 燕姿<yan-zi>)",0,0
40915919,孙燕姿,半句再见,半句再见,3,1
168322,孙燕姿,"Tonight,I feel close to you","Tonight,I feel close to you",4,1
15899822,孙燕姿,雨天,雨天,6,1
234498,孙燕姿,开始懂了,开始懂了,3,1
117836,孙燕姿,眼泪成诗,眼泪成诗,0,0
234500,孙燕姿,绿光,绿光,8,1
22282793,孙燕姿,开始懂了,开始懂了,3,1
203339,孙燕姿,雨天,雨天,6,1
359661820,孙燕姿,开始懂了 (黑胶版),开始懂了 (黑胶版),0,0
22286394,孙燕姿,绿光,绿光,8,1
234518,孙燕姿,雨天,雨天,6,1
4057680,孙燕姿,克卜勒,克卜勒,0,0
117840,孙燕姿,Honey Honey,Honey Honey,6,1
411721992,孙燕姿,遇见 (黑胶版),遇见 (黑胶版),0,0
538730146,ProdbyMend,咏春 (等你等你等你的一切DJ版),咏春 (等你等你等你的一切DJ版),0,0
536916552,ProdbyMend,海屿你,海屿你,1,1
412945074,ProdbyMend,心之火DJ (谁的爱太疯任性的挥霍),心之火DJ (谁的爱太疯任性的挥霍),0,0
536321783,ProdbyMend,精卫,精卫,1,1
548191604,ProdbyMend,最真的梦 (有力量版),最真的梦 (有力量版),0,0
434778540,ProdbyMend,我是奶龙 (我才是奶龙),我是奶龙 (我才是奶龙),1,1
538063195,ProdbyMend,亲密爱人 (微醺R&B版),亲密爱人 (微醺R&B版),0,0
537317844,ProdbyMend,乌兰巴托的夜 (空灵女音),乌兰巴托的夜 (空灵女音),0,0
463342255,ProdbyMend,最后一页 (DJ版),最后一页 (DJ版),0,0
533660541,ProdbyMend,只要有你 (R&B版),只要有你 (R&B版),0,0
465012284,ProdbyMend,情非得已 (DJ版),情非得已 (DJ版),0,0
535064274,ProdbyMend,漫步人生路 (R&B版),漫步人生路 (R&B版),0,0
533110993,ProdbyMend,遗憾 (R&B版),遗憾 (R&B版),0,0
537302758,ProdbyMend,从开始到现在 (R&B版),从开始到现在 (R&B版),0,0
464088908,ProdbyMend,最后一页 (海潮声淹没了离别时的黄昏),最后一页 (海潮声淹没了离别时的黄昏),0,0
434774329,ProdbyMend,Counting Stars (燃尽小曲),Counting Stars (燃尽小曲),0,0
424389024,ProdbyMend,红色高跟鞋 (DJ版),红色高跟鞋 (DJ版),1,1
536204383,ProdbyMend,情歌 (深情男声),情歌 (深情男声),0,0
535968652,ProdbyMend,信仰 (心碎女声),信仰 (心碎女声),0,0
527197722,ProdbyMend,你那么爱她 (R&B版),你那么爱她 (R&B版),0,0
539156337,ProdbyMend,等你等你的一切 (别辜负眼前季节),等你等你的一切 (别辜负眼前季节),0,0
539699816,ProdbyMend,等你爱我 (R&B氛围版),等你爱我 (R&B氛围版),0,0
537515951,ProdbyMend,love story (微醺R&B版),love story (微醺R&B版),0,0
539697857,ProdbyMend,花香 (R&B版),花香 (R&B版),0,0
534762726,ProdbyMend,最美的梦 (烟嗓女声版),最美的梦 (烟嗓女声版),1,1
176704915,莫文蔚,这世界那么多人,这世界那么多人,0,0
1697454,莫文蔚,盛夏的果实,盛夏的果实,2,1
166739,莫文蔚,阴天,阴天,3,1
21762578,莫文蔚,一生所爱,一生所爱,1,1
320577,莫文蔚,电台情歌,电台情歌,1,1
41384797,莫文蔚,慢慢喜欢你,慢慢喜欢你,4,1
608747136,莫文蔚,忐白门 (Live),忐白门,0,0
166731,莫文蔚,忽然之间,忽然之间,1,1
162196353,莫文蔚,那么爱你为什么,那么爱你为什么,4,1
38000118,莫文蔚,一生所爱,一生所爱,1,1
166676,莫文蔚,盛夏的果实,盛夏的果实,2,1
467379433,莫文蔚,岁月里的花,岁月里的花,0,0
237919,莫文蔚,那么爱你为什么,那么爱你为什么,4,1
296297,莫文蔚,如果没有你,如果没有你,4,1
28667531,莫文蔚,阴天,阴天,3,1
166771,莫文蔚,他不爱我,他不爱我,9,1
3615944,莫文蔚,电台情歌,电台情歌,1,1
21766991,莫文蔚,广岛之恋,广岛之恋,0,0
166760,莫文蔚,是非题,是非题,1,1
6307314,莫文蔚,当你老了,当你老了,4,1
85688,莫文蔚,阴天,阴天,3,1
58697,莫文蔚,广岛之恋,广岛之恋,0,0
452708856,莫文蔚,歌曲：岁月里的花 (Live),歌曲：岁月里的花,0,0
74462,周华健,花心,花心,0,0
321327,周华健,刀剑如梦,刀剑如梦,0,0
949749,周华健,刀剑如梦,刀剑如梦,0,0
321345,周华健,朋友,朋友,12,1
151365271,周华健,难念的经,难念的经,0,0
159010,周华健,风雨无阻,风雨无阻,3,1
159052,周华健,风雨无阻,风雨无阻,3,1
237951,周华健,让我欢喜让我忧,让我欢喜让我忧,2,1
1115252,周华健,难念的经,难念的经,0,0
672712,周华健,有没有一首歌会让你想起我,有没有一首歌会让你想起我,0,0
29550915,周华健,其实不想走,其实不想走,9,1
226933196,周华健,花心,花心,1,1
63128,周华健,若不是因为你,若不是因为你,8,1
38526962,周华健,最近比较烦,最近比较烦,8,1
38513799,周华健,神话情话,神话情话,0,0
321396,周华健,最真的梦,最真的梦,2,1
63086,周华健,天下有情人,天下有情人,0,0
159011,周华健,孤枕难眠,孤枕难眠,6,1
237803,周华健,有没有一首歌会让你想起我,有没有一首歌会让你想起我,0,0
39754506,周华健,漂洋过海来看你 (Live),漂洋过海来看你,0,0
540933977,周华健,恭喜自己,恭喜自己,25,1
3984365,周华健,真心英雄,真心英雄,0,0
321333,周华健,其实不想走,其实不想走,9,1
159090,周华健,风雨无阻 (Live),风雨无阻,3,1
81168,周华健,孤枕难眠,孤枕难眠,6,1
80080,陈慧娴,千千阕歌,千千阕歌,0,0
25251981,陈慧娴,千千阕歌,千千阕歌,4,1
66448,陈慧娴,人生何处不相逢,人生何处不相逢,0,0
16994198,陈慧娴,千千阕歌,千千阕歌,0,0
877356,陈慧娴,飘雪,飘雪,2,1
159822,陈慧娴,月亮,月亮,0,0
159834,陈慧娴,傻女 (Album Version),傻女 (Album Version),0,0
699784,陈慧娴,人生何处不相逢,人生何处不相逢,0,0
80091,陈慧娴,情意结,情意结,0,0
386146885,陈慧娴,千千阙歌,千千阙歌,4,1
382656,陈慧娴,月半小夜曲,月半小夜曲,0,0
26239928,陈慧娴,飘雪,飘雪,2,1
76890,陈慧娴,孤单背影,孤单背影,3,1
159948,陈慧娴,归来吧,归来吧,3,1
159832,陈慧娴,逝去的诺言,逝去的诺言,0,0
445973179,陈慧娴,千千阙歌   夕阳之歌 (Live),千千阙歌   夕阳之歌,0,0
76912,陈慧娴,跳舞街,跳舞街,0,0
159792,陈慧娴,夜机,夜机,0,0
489379883,陈慧娴,千千阕歌 (黑胶版),千千阕歌 (黑胶版),0,0
159945,陈慧娴,傻女,傻女,0,0
159815,陈慧娴,归来吧,归来吧,3,1
995195,陈慧娴,情意结,情意结,0,0
160054,陈慧娴,飘雪,飘雪,2,1
1035026,杨丞琳,雨爱,雨爱,3,1
250450649,杨丞琳,雨爱 (DJ版),雨爱 (DJ版),0,0
447012,杨丞琳,带我走,带我走,12,1
22800405,杨丞琳,匿名的好友,匿名的好友,0,0
616333,杨丞琳,雨爱,雨爱,3,1
614114042,杨丞琳,失眠 (Live),失眠,7,1
608664542,杨丞琳,喜欢 (Live),喜欢,13,1
96090697,杨丞琳,雨爱 (2010-2011台北最High新年城跨年晚会现场),雨爱,3,1
127421,杨丞琳,左边,左边,6,1
208755012,杨丞琳,如愿 (Live),如愿,1,1
320478,杨丞琳,左边,左边,6,1
9895357,杨丞琳,搁浅 (Live),搁浅,2,1
23542680,杨丞琳,暧昧,暧昧,5,1
38615712,杨丞琳,雨爱,雨爱,3,1
9827887,杨丞琳,年轮说,年轮说,0,0
650221,杨丞琳,雨爱,雨爱,3,1
38615673,杨丞琳,左边,左边,6,1
6842822,杨丞琳,仰望,仰望,12,1
597126334,杨丞琳,亲爱的你，好久不见,亲爱的你，好久不见,0,0
23544268,杨丞琳,不被祝福的幸福,不被祝福的幸福,0,0
243521650,杨丞琳,光阴的故事 (Live),光阴的故事,4,1
601699326,杨丞琳,匿名的好友 (Live),匿名的好友,0,0
204545813,杨丞琳,千年之恋 (Live),千年之恋,0,0
597534744,杨丞琳,爱河 (Live),爱河,6,1
9895353,杨丞琳,她说 (Live),她说,2,1
4390529,伍佰 & China Blue,突然的自我,突然的自我,1,1
3933760,伍佰 & China Blue,突然的自我,突然的自我,0,0
888898,伍佰 & China Blue,挪威的森林,挪威的森林,0,0
125458,伍佰 & China Blue,再度重相逢,再度重相逢,3,1
28718450,伍佰 & China Blue,白鸽,白鸽,0,0
56102282,伍佰 & China Blue,泪桥,泪桥,0,0
56102276,伍佰 & China Blue,再度重相逢,再度重相逢,3,1
56102277,伍佰 & China Blue,晚风,晚风,2,1
28718451,伍佰 & China Blue,与你到永久,与你到永久,1,1
60245,伍佰 & China Blue,浪人情歌,浪人情歌,0,0
1086935,伍佰 & China Blue,梦醒时分,梦醒时分,3,1
53885666,伍佰 & China Blue,突然的自我 (Live),突然的自我,0,0
315892,伍佰 & China Blue,Last Dance,Last Dance,0,0
21247468,伍佰 & China Blue,浪人情歌,浪人情歌,0,0
11105351,伍佰 & China Blue,泪桥,泪桥,0,0
4301104,伍佰 & China Blue,再度重相逢,再度重相逢,4,1
13615868,伍佰 & China Blue,晚风,晚风,2,1
39593623,伍佰 & China Blue,与你到永久,与你到永久,1,1
21247495,伍佰 & China Blue,被动,被动,6,1
3208797,伍佰 & China Blue,浪人情歌 (Live),浪人情歌,0,0
3208809,伍佰 & China Blue,晚风 (Live),晚风,1,1
152785011,伍佰 & China Blue,晚风 (DJ版),晚风 (DJ版),0,0
299981125,伍佰 & China Blue,梦醒时分,梦醒时分,3,1
12958849,伍佰 & China Blue,Last Dance (Live),Last Dance,0,0
245288689,伍佰 & China Blue,梦醒时分,梦醒时分,3,1
57935,邓丽君,我只在乎你,我只在乎你,3,1
391950,邓丽君,月亮代表我的心,月亮代表我的心,5,1
92572,邓丽君,漫步人生路,漫步人生路,0,0
57850,邓丽君,恰似你的温柔,恰似你的温柔,3,1
161827,邓丽君,漫步人生路,漫步人生路,0,0
161611,邓丽君,我只在乎你,我只在乎你,3,1
71467,邓丽君,甜蜜蜜,甜蜜蜜,2,1
229277,邓丽君,甜蜜蜜,甜蜜蜜,2,1
22806416,邓丽君,漫步人生路,漫步人生路,0,0
24053323,邓丽君,阿里山的姑娘,阿里山的姑娘,3,1
22828318,邓丽君,北国の春,北国の春,3,1
776001,邓丽君,你怎么说,你怎么说,2,1
371364,邓丽君,漫步人生路,漫步人生路,0,0
92564,邓丽君,小城故事,小城故事,3,1
105819,邓丽君,甜蜜蜜,甜蜜蜜,2,1
984497,邓丽君,漫步人生路,漫步人生路,0,0
57943,邓丽君,北国之春,北国之春,0,0
3614318,邓丽君,夜来香,夜来香,13,1
3614320,邓丽君,又见炊烟,又见炊烟,2,1
1148127,邓丽君,微风细雨,微风细雨,0,0
22802880,邓丽君,甜蜜蜜 (Live In Hong Kong / 1982),甜蜜蜜,2,1
161705,邓丽君,月亮代表我的心,月亮代表我的心,5,1
634074,邓丽君,四季歌,四季歌,0,0
3085691,邓丽君,你怎么说,你怎么说,2,1
28684303,邓丽君,我只在乎你,我只在乎你,3,1
221390627,赵乃吉,总以为来日方长,总以为来日方长,6,1
182511256,赵乃吉,曾经你说,曾经你说,6,1
410998422,赵乃吉,相见恨晚,相见恨晚,6,1
423798063,赵乃吉,谁 (治愈版),谁 (治愈版),0,0
464870820,赵乃吉,推开世界的门,推开世界的门,3,1
359702458,赵乃吉,漂洋过海来看你（DJ阿卓版）,漂洋过海来看你（DJ阿卓版）,0,0
407546306,赵乃吉,黄昏（DJ德朋版）,黄昏（DJ德朋版）,0,0
406870189,赵乃吉,有多少爱可以重来（DJ阿卓版）,有多少爱可以重来（DJ阿卓版）,0,0
489084698,赵乃吉,你怎么舍得我难过（深情版）,你怎么舍得我难过（深情版）,0,0
408830402,赵乃吉,问（DJ版）,问（DJ版）,0,0
418584142,赵乃吉,祝你一路顺风,祝你一路顺风,4,1
465348093,赵乃吉,座位,座位,2,1
5632632,赵乃吉,最初的温柔,最初的温柔,0,0
592970638,赵乃吉,天灰,天灰,0,0
501256863,赵乃吉,只要有你,只要有你,3,1
502337420,赵乃吉,撕夜(DJ阿尼),撕夜(DJ阿尼),0,0
385581229,赵乃吉,痴心绝对 （DJ阿卓版）,痴心绝对 （DJ阿卓版）,0,0
465348077,赵乃吉,座位 (DJ铁柱版),座位 (DJ铁柱版),0,0
433782191,赵乃吉,七月七日晴（DJ阿卓版）,七月七日晴（DJ阿卓版）,0,0
418379905,赵乃吉,断点（DJ阿卓版）,断点（DJ阿卓版）,1,1
592866015,赵乃吉,等你的季节,等你的季节,0,0
271986256,赵乃吉,梦醒时分·2023,梦醒时分·2023,1,1
189396707,赵乃吉,错都错了,错都错了,3,1
261453336,赵乃吉,敬不到来日方长,敬不到来日方长,3,1
513323761,赵乃吉,放生(DJ阿尼),放生(DJ阿尼),0,0
158361,张宇,月亮惹的祸,月亮惹的祸,3,1
228948,张宇,雨一直下,雨一直下,2,1
215725,张宇,给你们,给你们,0,0
105279,张宇,曲终人散,曲终人散,6,1
105269,张宇,一言难尽,一言难尽,6,1
105287,张宇,给你们,给你们,0,0
158392,张宇,曲终人散,曲终人散,6,1
158378,张宇,用心良苦,用心良苦,4,1
158344,张宇,小小的太阳,小小的太阳,2,1
6951178,张宇,一言难尽,一言难尽,6,1
105281,张宇,雨一直下,雨一直下,2,1
15089771,张宇,小小的太阳 (Remastered),小小的太阳 (Remastered),0,0
105267,张宇,囚鸟,囚鸟,0,0
16948463,张宇,月亮惹的祸,月亮惹的祸,3,1
158367,张宇,男人的好,男人的好,6,1
15212920,张宇,一言难尽 (Remastered),一言难尽 (Remastered),0,0
61226,张宇,雨一直下,雨一直下,2,1
408047,张宇,用心良苦,用心良苦,4,1
158390,张宇,一言难尽,一言难尽,6,1
3442391,张宇,趁早 (Live),趁早,6,1
215717,张宇,大女人,大女人,3,1
15089781,张宇,趁早 (2005 Version),趁早 (2005 Version),0,0
2837509,张宇,单恋一枝花,单恋一枝花,3,1
6967331,张宇,用心良苦,用心良苦,4,1
158403,张宇,月亮惹的祸,月亮惹的祸,3,1
89622,王心凌,爱你,爱你,6,1
89626,王心凌,第一次爱的人,第一次爱的人,2,1
122706,王心凌,我会好好的,我会好好的,2,1
342238654,王心凌,我爱你中国 (Live),我爱你中国,8,1
58240758,王心凌,大眠,大眠,0,0
122708,王心凌,睫毛弯弯,睫毛弯弯,8,1
122701,王心凌,梦的光点,梦的光点,6,1
620461,王心凌,第一次爱的人,第一次爱的人,2,1
150605341,王心凌,第一次爱的人,第一次爱的人,2,1
150605383,王心凌,彩虹的微笑,彩虹的微笑,0,0
169088,王心凌,当你,当你,13,1
104118,王心凌,Honey,Honey,8,1
620470,王心凌,睫毛弯弯,睫毛弯弯,8,1
134979,王心凌,黄昏晓,黄昏晓,1,1
113118,王心凌,Da Da Da,Da Da Da,36,1
400551533,王心凌,如愿 (Live),如愿,1,1
102845,王心凌,第一次爱的人,第一次爱的人,2,1
323856144,王心凌,大中国 (Live),大中国,4,1
1018882,王心凌,不哭,不哭,8,1
275077,王心凌,彩虹的微笑,彩虹的微笑,0,0
150605350,王心凌,花的嫁纱,花的嫁纱,0,0
326305322,王心凌,送你一朵小红花 (Live),送你一朵小红花,11,1
28718343,王心凌,爱你,爱你,6,1
2265609,王心凌,睫毛弯弯,睫毛弯弯,8,1
22807949,刘珂矣,半壶纱,半壶纱,0,0
6826036,刘珂矣,风筝误,风筝误,11,1
324796602,刘珂矣,半壶纱 (变速版),半壶纱 (变速版),0,0
338920163,刘珂矣,半壶纱 (DJ名龙版),半壶纱 (DJ名龙版),0,0
349693821,刘珂矣,半壶纱 (Single Version),半壶纱 (Single Version),0,0
143381134,刘珂矣,闲庭絮,闲庭絮,0,0
63015039,刘珂矣,半壶纱,半壶纱,0,0
6826023,刘珂矣,半壶纱 (纯音乐),半壶纱,0,0
6826032,刘珂矣,芙蓉雨,芙蓉雨,0,0
6826037,刘珂矣,缥缃醉,缥缃醉,0,0
596132971,刘珂矣,万江天色,万江天色,2,1
278701809,刘珂矣,花满汐,花满汐,0,0
219364341,刘珂矣,青山册,青山册,0,0
85087552,刘珂矣,香雪迟,香雪迟,0,0
192498840,刘珂矣,人间一两风,人间一两风,6,1
6826031,刘珂矣,忘尘谷,忘尘谷,0,0
257180507,刘珂矣,落纸三千,落纸三千,6,1
233262441,刘珂矣,半壶纱 (3D环绕版),半壶纱 (3D环绕版),0,0
173644241,刘珂矣,提诗侧畔,提诗侧畔,0,0
6826033,刘珂矣,一袖云,一袖云,4,1
147559450,刘珂矣,闲庭絮 (DJ版),闲庭絮 (DJ版),0,0
69193905,刘珂矣,浮年盏,浮年盏,0,0
6826028,刘珂矣,风筝误 (纯音乐),风筝误,0,0
40077080,刘珂矣,暖山,暖山,0,0
531276057,老板,我曾像傻子一样爱你 (DJEva版),我曾像傻子一样爱你 (DJEva版),0,0
528052465,老板,我曾像傻子一样爱你,我曾像傻子一样爱你,0,0
538735826,老板,思念成灾 (DJ阿诺版),思念成灾 (DJ阿诺版),0,0
261458302,老板,死心,死心,4,1
611037129,老板,我不该动情,我不该动情,0,0
576430104,老板,不妨问问你自己,不妨问问你自己,0,0
531300748,老板,我曾像傻子一样爱你 (DJ豪大大版),我曾像傻子一样爱你 (DJ豪大大版),0,0
534567331,老板,思念成灾 (遗憾男版),思念成灾 (遗憾男版),0,0
559096751,老板,作废的约定,作废的约定,0,0
538057501,老板,风往故乡吹 (思乡版),风往故乡吹 (思乡版),0,0
543498108,老板,故乡的风来了又走,故乡的风来了又走,6,1
555366873,老板,我已把孟婆的汤喝光,我已把孟婆的汤喝光,0,0
531300720,老板,我曾像傻子一样爱你 (DJ阿诺版),我曾像傻子一样爱你 (DJ阿诺版),0,0
556993565,老板,深爱过的人怎么放手,深爱过的人怎么放手,0,0
592903516,老板,我很累却不敢喊疼,我很累却不敢喊疼,0,0
565834411,老板,忘了 (R&B版),忘了 (R&B版),0,0
140951841,老板,再也不见，至死怀念,再也不见，至死怀念,0,0
300316734,老板,做个俗人不谈情,做个俗人不谈情,0,0
558559290,老板,可惜春风不懂我伤悲,可惜春风不懂我伤悲,6,1
558559261,老板,可惜春风不懂我伤悲 (DJEva版),可惜春风不懂我伤悲 (DJEva版),0,0
606644643,老板,这一生你会遇见谁早已注定,这一生你会遇见谁早已注定,0,0
318854211,老板,骗子说给傻子听,骗子说给傻子听,3,1
560361909,老板,他究竟有多好,他究竟有多好,0,0
563747617,老板,有种心痛是你不再属于我,有种心痛是你不再属于我,0,0
556993639,老板,深爱过的人怎么放手 (DJ小行版),深爱过的人怎么放手 (DJ小行版),0,0
96765035,刘若英,后来,后来,8,1
58550,刘若英,后来,后来,8,1
82702,刘若英,原来你也在这里,原来你也在这里,6,1
251280,刘若英,当爱在靠近,当爱在靠近,6,1
238223,刘若英,后来,后来,8,1
165941,刘若英,后来,后来,8,1
165928,刘若英,为爱痴狂,为爱痴狂,5,1
22863738,刘若英,为爱痴狂,为爱痴狂,5,1
27779017,刘若英,当爱在靠近 (Live),当爱在靠近,6,1
1024063,刘若英,当爱在靠近,当爱在靠近,6,1
326812,刘若英,很爱很爱你,很爱很爱你,12,1
165975,刘若英,成全,成全,21,1
39981180,刘若英,大家来恋爱,大家来恋爱,2,1
51574603,刘若英,分开旅行,分开旅行,4,1
165927,刘若英,很爱很爱你,很爱很爱你,12,1
3360263,刘若英,幸福就是,幸福就是,6,1
52622295,刘若英,原来你也在这里,原来你也在这里,6,1
56191019,刘若英,原来你也在这里 (Live),原来你也在这里,6,1
40429561,刘若英,当爱在靠近,当爱在靠近,6,1
6944517,刘若英,分开旅行,分开旅行,4,1
3332403,刘若英,亲爱的路人,亲爱的路人,4,1
27779020,刘若英,为爱痴狂 (Live),为爱痴狂,6,1
685272,刘若英,我们没有在一起,我们没有在一起,7,1
215048,刘若英,一辈子的孤单,一辈子的孤单,0,0
326822,刘若英,为爱痴狂,为爱痴狂,5,1
78767,李克勤,月半小夜曲,月半小夜曲,0,0
328566,李克勤,一生不变,一生不变,2,1
328667,李克勤,护花使者,护花使者,0,0
197391854,李克勤,致敬勇士,致敬勇士,4,1
148358,李克勤,月半小夜曲,月半小夜曲,0,0
25252076,李克勤,红日,红日,2,1
27133143,李克勤,一生不变,一生不变,2,1
256658844,李克勤,晚风心里吹,晚风心里吹,2,1
1133143,李克勤,红日,红日,2,1
1063033,李克勤,红日,红日,2,1
4799031,李克勤,护花使者,护花使者,0,0
85672968,李克勤,天下有情人 (Live),天下有情人,0,0
148208,李克勤,一生不变,一生不变,2,1
1651004,李克勤,月半小夜曲,月半小夜曲,0,0
224561124,李克勤,红日 (Live),红日,1,1
328537,李克勤,爱你不需要理由,爱你不需要理由,0,0
982768,李克勤,爱你不需要理由,爱你不需要理由,0,0
148555,李克勤,旧欢如梦,旧欢如梦,0,0
378473507,李克勤,一生不变 (黑胶版),一生不变 (黑胶版),0,0
25251943,李克勤,红日,红日,2,1
140178877,李克勤,护花使者 (1991年度十大劲歌金曲颁奖典礼现场),护花使者,0,0
148385,李克勤,辜负你的情,辜负你的情,6,1
328689,李克勤,一生中最爱,一生中最爱,2,1
90100,张国荣,倩女幽魂,倩女幽魂,0,0
80458,张国荣,沉默是金,沉默是金,2,1
55014,张国荣,当年情,当年情,4,1
157050,张国荣,明月夜,明月夜,2,1
6638869,张国荣,倩女幽魂,倩女幽魂,0,0
295176,张国荣,当爱已成往事,当爱已成往事,0,0
27129203,张国荣,倩女幽魂,倩女幽魂,0,0
157159,张国荣,风继续吹,风继续吹,4,1
127207,张国荣,沉默是金,沉默是金,2,1
156980,张国荣,玻璃之情,玻璃之情,0,0
55156,张国荣,千千阕歌 (Live in Hong Kong / 1989-1990),千千阕歌,0,0
157185,张国荣,当年情 (Live in Hong Kong / 1989-1990),当年情,4,1
157270,张国荣,Monica,Monica,8,1
319718,张国荣,风继续吹,风继续吹,4,1
3033090,张国荣,春夏秋冬,春夏秋冬,0,0
28214385,张国荣,沉默是金 (独唱版),沉默是金 (独唱版),0,0
22809041,张国荣,沉默是金(合唱),沉默是金(合唱),0,0
319947,张国荣,倩女幽魂,倩女幽魂,0,0
154948,张国荣,沉默是金,沉默是金,2,1
297859,张国荣,有谁共鸣,有谁共鸣,4,1
27175108,张国荣,倩女幽魂,倩女幽魂,0,0
54993,张国荣,我 (Mandarin Version),我 (Mandarin Version),0,0
27860037,张国荣,沉默是金,沉默是金,2,1
157253,张国荣,别话,别话,0,0
80365,S.H.E,Super Star,Super Star,9,1
6449263,S.H.E,你曾是少年,你曾是少年,0,0
240843,S.H.E,中国话,中国话,12,1
22863457,S.H.E,安静了,安静了,1,1
80362,S.H.E,半糖主义,半糖主义,10,1
44435374,S.H.E,不想长大,不想长大,12,1
313051,S.H.E,恋人未满,恋人未满,2,1
177848,S.H.E,波斯猫,波斯猫,6,1
177847,S.H.E,他还是不懂,他还是不懂,0,0
177769,S.H.E,Super Star,Super Star,9,1
556687,S.H.E,天灰,天灰,0,0
177902,S.H.E,热带雨林,热带雨林,6,1
177765,S.H.E,Ring Ring Ring,Ring Ring Ring,2,1
556689,S.H.E,五月天,五月天,4,1
177763,S.H.E,触电,触电,9,1
4437619,S.H.E,一眼万年,一眼万年,0,0
83888,S.H.E,美丽新世界,美丽新世界,6,1
672803,S.H.E,爱上你,爱上你,5,1
240841,S.H.E,谢谢你的温柔,谢谢你的温柔,0,0
99620,S.H.E,痛快,痛快,26,1
177757,S.H.E,一眼万年,一眼万年,0,0
135415,S.H.E,紫藤花,紫藤花,8,1
99621,S.H.E,候鸟,候鸟,6,1
350635,S.H.E,新窝,新窝,2,1
26287850,S.H.E,天亮了,天亮了,14,1
3493737,Taylor Swift,Love Story,Love Story,4,1
5834386,Taylor Swift,Welcome To New York,Welcome To New York,29,1
166391234,Taylor Swift,Love Story (Taylor's Version),Love Story (Taylor's Version),0,0
73491400,Taylor Swift,Cruel Summer,Cruel Summer,6,1
587737612,Taylor Swift,"I Knew It, I Knew You","I Knew It, I Knew You",9,1
59436283,Taylor Swift,Love Story,Love Story,4,1
309502858,Taylor Swift,Cruel Summer,Cruel Summer,6,1
3493724,Taylor Swift,You Belong With Me,You Belong With Me,11,1
30382874,Taylor Swift,Look What You Made Me Do,Look What You Made Me Do,19,1
61242390,Taylor Swift,Love Story (1989 Mix),Love Story (1989 Mix),0,0
73491401,Taylor Swift,Lover,Lover,6,1
5253684,Taylor Swift,Shake It Off,Shake It Off,36,1
10621896,Taylor Swift,Style,Style,11,1
504402802,Taylor Swift,The Fate of Ophelia,The Fate of Ophelia,3,1
146032128,Taylor Swift,exile,exile,3,1
5836891,Taylor Swift,Blank Space,Blank Space,3,1
311173233,Taylor Swift,Blank Space (Taylor's Version),Blank Space (Taylor's Version),0,0
504402808,Taylor Swift,Opalite,Opalite,6,1
73491414,Taylor Swift,Daylight,Daylight,40,1
266547669,Taylor Swift,Cruel Summer,Cruel Summer,6,1
3674836,Taylor Swift,I Knew You Were Trouble,I Knew You Were Trouble,8,1
190431615,Taylor Swift,Last Christmas,Last Christmas,7,1
68666991,Taylor Swift,ME! (Feat. Brendon Urie Of Panic! At The Disco),ME! (Feat. Brendon Urie Of Panic! At The Disco),0,0
56331506,Taylor Swift,Sparks Fly,Sparks Fly,8,1
311086055,Taylor Swift,Style (Taylor's Version),Style (Taylor's Version),0,0
404760,蔡依林,日不落,日不落,8,1
622233,蔡依林,天空,天空,11,1
160905,蔡依林,说爱你,说爱你,2,1
160911,蔡依林,布拉格广场,布拉格广场,0,0
291655,蔡依林,倒带,倒带,1,1
680397,蔡依林,今天你要嫁给我,今天你要嫁给我,7,1
28408860,蔡依林,妥协,妥协,6,1
130162,蔡依林,倒带,倒带,1,1
1688657,蔡依林,爱情三十六计,爱情三十六计,0,0
3971136,蔡依林,看我72变,看我72变,0,0
1915665,蔡依林,看我72变,看我72变,0,0
1227087,蔡依林,Love Love Love,Love Love Love,9,1
103853,蔡依林,LOVE LOVE LOVE,LOVE LOVE LOVE,8,1
160928,蔡依林,我知道你很难过,我知道你很难过,7,1
6860770,蔡依林,爱情三十六计,爱情三十六计,8,1
160906,蔡依林,骑士精神,骑士精神,0,0
404761,蔡依林,舞娘,舞娘,3,1
6822329,蔡依林,许愿池的希腊少女,许愿池的希腊少女,3,1
170618513,蔡依林,Stars Align,Stars Align,7,1
5903846,蔡依林,第三人称,第三人称,6,1
1915656,蔡依林,柠檬草的味道,柠檬草的味道,0,0
1701306,蔡依林,大艺术家,大艺术家,5,1
5838910,蔡依林,Play我呸,Play我呸,0,0
933238,蔡依林,给我一首歌的时间 (Live),给我一首歌的时间,6,1
1915653,蔡依林,倒带,倒带,1,1
103135,陶喆,就是爱你,就是爱你,12,1
103134,陶喆,爱我还是他,爱我还是他,8,1
320409,陶喆,爱，很简单,爱，很简单,0,0
98934,陶喆,普通朋友,普通朋友,3,1
151897,陶喆,爱，很简单,爱，很简单,0,0
247594,陶喆,Melody,Melody,11,1
27785116,陶喆,Susan说,Susan说,2,1
84423,陶喆,找自己,找自己,4,1
26034136,陶喆,天天,天天,16,1
26034137,陶喆,小镇姑娘,小镇姑娘,2,1
320411,陶喆,流沙,流沙,7,1
355033,陶喆,蝴蝶,蝴蝶,3,1
75402,陶喆,讨厌红楼梦,讨厌红楼梦,2,1
151895,陶喆,寂寞的季节,寂寞的季节,5,1
1092928,陶喆,二十二,二十二,3,1
320410,陶喆,飞机场的10:30,飞机场的10:30,0,0
3383254,陶喆,那个女孩,那个女孩,10,1
296228,陶喆,Angel,Angel,14,1
1092927,陶喆,月亮代表谁的心,月亮代表谁的心,3,1
3312607,陶喆,一念之间,一念之间,4,1
151899,陶喆,普通朋友,普通朋友,3,1
151894,陶喆,Melody,Melody,11,1
247595,陶喆,黑色柳丁,黑色柳丁,0,0
136170,陶喆,每一面都美,每一面都美,0,0
450444,蔡健雅,红色高跟鞋,红色高跟鞋,3,1
1108461,蔡健雅,Letting Go,Letting Go,6,1
318660,蔡健雅,越来越不懂,越来越不懂,4,1
27780561,蔡健雅,坠落,坠落,4,1
299813486,蔡健雅,红色高跟鞋,红色高跟鞋,3,1
10346331,蔡健雅,思念是一种病,思念是一种病,5,1
6822490,蔡健雅,红色高跟鞋 (Live),红色高跟鞋,3,1
6680691,蔡健雅,失语者,失语者,3,1
102682,蔡健雅,下一次爱情来的时候,下一次爱情来的时候,2,1
311045,蔡健雅,达尔文,达尔文,1,1
323758,蔡健雅,Beautiful Love,Beautiful Love,0,0
316388,蔡健雅,越来越不懂,越来越不懂,4,1
1108582,蔡健雅,别找我麻烦,别找我麻烦,6,1
27780560,蔡健雅,被驯服的象,被驯服的象,1,1
613983870,蔡健雅,不愿醒的梦,不愿醒的梦,1,1
318659,蔡健雅,空白格,空白格,3,1
26396560,蔡健雅,紫 (片中版),紫 (片中版),0,0
79250,蔡健雅,陌生人,陌生人,2,1
520023,蔡健雅,达尔文 II (进化版),达尔文 II (进化版),0,0
304294902,蔡健雅,Nightglow,Nightglow,0,0
318656,蔡健雅,晨间新闻,晨间新闻,3,1
43022324,蔡健雅,越来越不懂,越来越不懂,4,1
278903,蔡健雅,无底洞,无底洞,3,1
385059,蔡健雅,思念是一种病,思念是一种病,5,1
299797456,蔡健雅,红色高跟鞋,红色高跟鞋,2,1
443603,五月天,突然好想你,突然好想你,4,1
7207081,五月天,后来的我们,后来的我们,5,1
586602283,五月天,达拉崩吧 (Live),达拉崩吧,11,1
3622015,五月天,你不是真正的快乐,你不是真正的快乐,5,1
41183181,五月天,后来的我们,后来的我们,4,1
73468673,五月天,玫瑰少年,玫瑰少年,2,1
1028225,五月天,温柔,温柔,8,1
98804,五月天,倔强,倔强,10,1
404779,五月天,知足,知足,2,1
282037,五月天,私奔到月球,私奔到月球,4,1
597012114,五月天,如烟 (Live),如烟,1,1
56218336,五月天,步步,步步,9,1
7151614,五月天,如果我们不曾相遇,如果我们不曾相遇,3,1
3654739,五月天,干杯,干杯,0,0
45801335,五月天,伤心的人别听慢歌 (贯彻快乐),伤心的人别听慢歌 (贯彻快乐),0,0
7097026,五月天,派对动物,派对动物,6,1
56218340,五月天,倔强,倔强,10,1
281762,五月天,离开地球表面,离开地球表面,0,0
1026410,五月天,恋爱ing,恋爱ing,7,1
225415,五月天,天使,天使,20,1
448895321,五月天,任性,任性,8,1
56218341,五月天,知足 (乐团版),知足 (乐团版),0,0
56062728,五月天,我不愿 让你一个人,我不愿 让你一个人,4,1
160231957,五月天,因为你 所以我,因为你 所以我,5,1
56062718,五月天,我不愿 让你一个人,我不愿 让你一个人,4,1
234134215,金润吉,迟来的爱 (新版),迟来的爱 (新版),1,1
214841873,金润吉,最远的你是我最近的爱,最远的你是我最近的爱,0,0
187651084,金润吉,谢谢你的爱,谢谢你的爱,10,1
333002591,金润吉,再回首,再回首,15,1
217333505,金润吉,我曾用心爱着你,我曾用心爱着你,0,0
268116632,金润吉,萍聚,萍聚,0,0
569732719,金润吉,满心愧疚,满心愧疚,0,0
245773675,金润吉,最远的你是我最近的爱 (Live),最远的你是我最近的爱,0,0
321632158,金润吉,牵手 (新版),牵手 (新版),0,0
254012914,金润吉,活着,活着,0,0
431509116,金润吉,慢慢离开你,慢慢离开你,7,1
66744537,金润吉,一人一城,一人一城,0,0
252560394,金润吉,牵挂你的人是我 (新版),牵挂你的人是我 (新版),0,0
289137090,金润吉,我心已许,我心已许,6,1
6524228,金润吉,Love Love,Love Love,30,1
26368970,金润吉,学到老爱到老,学到老爱到老,0,0
555072319,金润吉,野花香 (Live),野花香,25,1
186385292,金润吉,Tell Me（韩文版）,Tell Me（韩文版）,0,0
208056859,金润吉,DISCO,DISCO,24,1
423259518,金润吉,如果爱下去,如果爱下去,0,0
325704674,金润吉,牵手 (live合唱版),牵手,0,0
6507725,金润吉,Love Love,Love Love,20,1
434775031,金润吉,我曾用心爱着你 (DJ九零版),我曾用心爱着你 (DJ九零版),0,0
333002582,金润吉,再回首 (Live合唱版),再回首,14,1
37925332,金润吉,一次就好,一次就好,3,1
206964138,唐伯虎Annie,西厢寻他,西厢寻他,0,0
355251349,唐伯虎Annie,落 (花开花落日升日没),落 (花开花落日升日没),0,0
157042638,唐伯虎Annie,伯虎说 (feat.唐伯虎Annie),伯虎说 (feat.唐伯虎Annie),0,0
515399033,唐伯虎Annie,游京 (妮蔻进行曲),游京 (妮蔻进行曲),0,0
149452597,唐伯虎Annie,青丝,青丝,4,1
40767219,唐伯虎Annie,有些爱情放不下,有些爱情放不下,0,0
159222376,唐伯虎Annie,伯虎说 (feat.唐伯虎Annie) (无鼠来宝版),伯虎说 (feat.唐伯虎Annie) (无鼠来宝版),0,0
355251278,唐伯虎Annie,落 (DJ德朋版),落 (DJ德朋版),0,0
576764295,唐伯虎Annie,西厢寻他 (饮下我一干二净的牵挂),西厢寻他 (饮下我一干二净的牵挂),0,0
157560354,唐伯虎Annie,伯虎说 (feat.唐伯虎Annie) (DJ阳少版),伯虎说 (feat.唐伯虎Annie) (DJ阳少版),0,0
453449249,唐伯虎Annie,游京 (国潮版),游京 (国潮版),0,0
548228875,唐伯虎Annie,游京 (敲水管DJ版),游京 (敲水管DJ版),0,0
452468510,唐伯虎Annie,长安姑娘 (红尘来去散无痕),长安姑娘 (红尘来去散无痕),0,0
453456895,唐伯虎Annie,长安姑娘 (封神版),长安姑娘 (封神版),1,1
493205491,唐伯虎Annie,伯虎说 (伯虎摇),伯虎说 (伯虎摇),0,0
489898801,唐伯虎Annie,伯虎说 (DJ版),伯虎说 (DJ版),0,0
56554906,唐伯虎Annie,你离开后的天空,你离开后的天空,0,0
379953433,唐伯虎Annie,弱水三千 (DJ细霖版),弱水三千 (DJ细霖版),0,0
521312959,唐伯虎Annie,难解,难解,4,1
500606503,唐伯虎Annie,莫问天涯 (莫问天涯也莫问归期),莫问天涯 (莫问天涯也莫问归期),0,0
530605988,唐伯虎Annie,西厢寻他 (竹林外的酒家),西厢寻他 (竹林外的酒家),0,0
310675319,唐伯虎Annie,弱水三千,弱水三千,5,1
498271700,唐伯虎Annie,莫问归期,莫问归期,4,1
355251301,唐伯虎Annie,落 (DJ德朋X0.9降调版),落 (DJ德朋X0.9降调版),0,0
516627948,唐伯虎Annie,游京 (DJ版),游京 (DJ版),1,1
15249349,杨宗纬,凉凉,凉凉,6,1
377413145,杨宗纬,若月亮没来 (Live),若月亮没来,0,0
3287563,杨宗纬,其实都没有,其实都没有,3,1
368698595,杨宗纬,我会好好的 (Live),我会好好的,2,1
6663095,杨宗纬,一次就好,一次就好,2,1
257440144,杨宗纬,一次就好,一次就好,2,1
23542570,杨宗纬,洋葱,洋葱,2,1
311793321,杨宗纬,小满足,小满足,0,0
6568547,杨宗纬,红尘来去一场梦 (Live),红尘来去一场梦,0,0
374640693,杨宗纬,听说你 (Live),听说你,5,1
407740961,杨宗纬,我们好像在哪见过,我们好像在哪见过,5,1
614114236,杨宗纬,阴天 (Live),阴天,3,1
3241195,杨宗纬,空白格 (Live),空白格,3,1
23665176,杨宗纬,凉凉 (Live),凉凉,6,1
22805822,杨宗纬,这一路走来,这一路走来,8,1
6441966,杨宗纬,我变了 我没变,我变了 我没变,0,0
365197400,杨宗纬,他不懂 (Live),他不懂,20,1
26445014,杨宗纬,越过山丘,越过山丘,3,1
1080692,杨宗纬,那个男人,那个男人,5,1
3296298,杨宗纬,初爱,初爱,4,1
293084031,杨宗纬,千金散尽,千金散尽,1,1
51571022,杨宗纬,空白格 (《一生一世》电影片尾曲),空白格 (《一生一世》电影片尾曲),0,0
523504803,杨宗纬,凉凉,凉凉,6,1
216877,萧亚轩,最熟悉的陌生人,最熟悉的陌生人,3,1
221681,萧亚轩,表白,表白,16,1
163050916,萧亚轩,遗失的心跳,遗失的心跳,1,1
3208050,萧亚轩,遗失的心跳,遗失的心跳,1,1
679685,萧亚轩,突然想起你,突然想起你,0,0
76061,萧亚轩,爱的主打歌,爱的主打歌,4,1
389413,萧亚轩,类似爱情,类似爱情,4,1
684062,萧亚轩,一个人的精彩,一个人的精彩,0,0
3975777,萧亚轩,最熟悉的陌生人,最熟悉的陌生人,3,1
170769,萧亚轩,最熟悉的陌生人,最熟悉的陌生人,3,1
865820,萧亚轩,错的人,错的人,4,1
170770,萧亚轩,爱的主打歌,爱的主打歌,4,1
3208067,萧亚轩,放爱情一个假,放爱情一个假,7,1
76065,萧亚轩,他和她的故事,他和她的故事,0,0
1040644,萧亚轩,吻,吻,6,1
221685,萧亚轩,然后,然后,20,1
170766,萧亚轩,一个人的精彩,一个人的精彩,0,0
1044605,萧亚轩,潇洒小姐,潇洒小姐,5,1
45841271,萧亚轩,Cappuccino,Cappuccino,8,1
237952,萧亚轩,爱的主打歌,爱的主打歌,4,1
3208061,萧亚轩,类似爱情,类似爱情,4,1
221684,萧亚轩,后来的我们,后来的我们,8,1
96919747,萧亚轩,突然想起你 (MTV版),突然想起你 (MTV版),0,0
598386,萧亚轩,闪闪惹人爱,闪闪惹人爱,20,1
170755,萧亚轩,他和她的故事,他和她的故事,0,0
1026357,林忆莲,至少还有你,至少还有你,3,1
327537,林忆莲,为你我受冷风吹,为你我受冷风吹,3,1
6682526,林忆莲,至少还有你,至少还有你,3,1
165398,林忆莲,至少还有你 (Sentimental Version),至少还有你 (Sentimental Version),0,0
327535,林忆莲,伤痕,伤痕,3,1
138018,林忆莲,词不达意,词不达意,4,1
228868,林忆莲,当爱已成往事,当爱已成往事,0,0
327577,林忆莲,爱上一个不回家的人,爱上一个不回家的人,4,1
27786821,林忆莲,至少还有你,至少还有你,3,1
95862,林忆莲,当爱已成往事,当爱已成往事,0,0
4643940,林忆莲,为你我受冷风吹,为你我受冷风吹,3,1
120489,林忆莲,灰色,灰色,7,1
330942553,林忆莲,归零,归零,2,1
51419756,林忆莲,失踪,失踪,0,0
327536,林忆莲,听说爱情回来过,听说爱情回来过,0,0
5079692,林忆莲,为你我受冷风吹 (Live in Hong Kong/2011),为你我受冷风吹,3,1
165285,林忆莲,为你我受冷风吹,为你我受冷风吹,3,1
38610866,林忆莲,不必在乎我是谁,不必在乎我是谁,0,0
1028090,林忆莲,伤痕,伤痕,3,1
410465994,林忆莲,至少还有你 (40赫兹伽马公益版),至少还有你 (40赫兹伽马公益版),0,0
45825567,林忆莲,至少还有你,至少还有你,3,1
57532,林忆莲,听说爱情回来过,听说爱情回来过,0,0
51573365,林忆莲,远走高飞,远走高飞,2,1
225023306,林忆莲,当爱已成往事,当爱已成往事,0,0
16854414,林忆莲,不必在乎我是谁 (Live),不必在乎我是谁,0,0
29530546,李宗盛,鬼迷心窍,鬼迷心窍,0,0
3415087,李宗盛,山丘,山丘,7,1
338261,李宗盛,凡人歌 (Live),凡人歌,0,0
12804012,李宗盛,不必在乎我是谁 (Live),不必在乎我是谁,0,0
29178261,李宗盛,凡人歌,凡人歌,0,0
7121445,李宗盛,鬼迷心窍,鬼迷心窍,0,0
3142540,李宗盛,爱的代价,爱的代价,3,1
1025952,李宗盛,我终于失去了你 (Live),我终于失去了你,12,1
51497920,李宗盛,读你,读你,13,1
12804011,李宗盛,飘洋过海来看你 (Live),飘洋过海来看你,0,0
1164385,李宗盛,凡人歌,凡人歌,0,0
22852832,李宗盛,凡人歌,凡人歌,0,0
701435,李宗盛,给自己的歌,给自己的歌,0,0
12803990,李宗盛,鬼迷心窍 (Live),鬼迷心窍,0,0
29178250,李宗盛,鬼迷心窍,鬼迷心窍,0,0
29315289,李宗盛,凡人歌,凡人歌,0,0
12804015,李宗盛,晚婚 (Live),晚婚,2,1
224354486,李宗盛,鬼迷心窍,鬼迷心窍,0,0
989133,李宗盛,领悟 (Live),领悟,9,1
1090120,李宗盛,鬼迷心窍,鬼迷心窍,0,0
153883,谢霆锋,谢谢你的爱1999,谢谢你的爱1999,0,0
153836,谢霆锋,因为爱所以爱,因为爱所以爱,7,1
153738,谢霆锋,黄种人,黄种人,4,1
322319,谢霆锋,活着Viva,活着Viva,0,0
452688671,谢霆锋,逆行,逆行,2,1
3924399,谢霆锋,只要为你活一天,只要为你活一天,0,0
322322,谢霆锋,游乐场,游乐场,0,0
4239772,谢霆锋,要我怎么忘了他,要我怎么忘了他,4,1
520326,谢霆锋,因为爱所以爱,因为爱所以爱,7,1
153824,谢霆锋,谢谢你的爱1999,谢谢你的爱1999,0,0
480801551,谢霆锋,香水,香水,6,1
217136,谢霆锋,玉蝴蝶,玉蝴蝶,3,1
153918,谢霆锋,爱后余生,爱后余生,0,0
207549260,谢霆锋,我们这里还有鱼,我们这里还有鱼,2,1
88135720,谢霆锋,因为爱所以爱 (单曲),因为爱所以爱 (单曲),0,0
322330,谢霆锋,一击即中,一击即中,2,1
322343,谢霆锋,香水,香水,6,1
153924,谢霆锋,不要说谎,不要说谎,8,1
6959363,谢霆锋,谢谢你的爱1999,谢谢你的爱1999,0,0
520299,谢霆锋,281公里,281公里,6,1
113646,谢霆锋,无声仿有声,无声仿有声,3,1
322334,谢霆锋,罪人,罪人,3,1
153933,谢霆锋,非走不可,非走不可,0,0
97041203,谢霆锋,平凡之路,平凡之路,0,0
96832,阿杜,撕夜,撕夜,0,0
353537,阿杜,撕夜,撕夜,0,0
353543,阿杜,下雨的时候会想你,下雨的时候会想你,0,0
57136,阿杜,Andy,Andy,4,1
1028308,阿杜,他一定很爱你,他一定很爱你,6,1
96822,阿杜,离别,离别,6,1
1028311,阿杜,离别,离别,6,1
9880300,阿杜,天黑 (Live),天黑,3,1
1028309,阿杜,天天看到你,天天看到你,6,1
238200,阿杜,坚持到底,坚持到底,7,1
1076202,阿杜,他一定很爱你,他一定很爱你,6,1
22828285,阿杜,撕夜,撕夜,0,0
313052,阿杜,天黑,天黑,5,1
96820,阿杜,Andy,Andy,4,1
142534,阿杜,坚持到底,坚持到底,7,1
1027382,阿杜,天天看到你,天天看到你,6,1
1027381,阿杜,撕夜,撕夜,0,0
142531,阿杜,离别,离别,6,1
217575,阿杜,他一定很爱你,他一定很爱你,6,1
23547401,阿杜,Andy (前半 Live),Andy,1,1
534845023,阿杜,越陷越深 (Live),越陷越深,6,1
96831,阿杜,坚持到底,坚持到底,7,1
142543,阿杜,你就像个小孩,你就像个小孩,3,1
316733,阿杜,无法阻挡,无法阻挡,6,1
217577,阿杜,天天看到你,天天看到你,6,1
142801,陈百强,偏偏喜欢你,偏偏喜欢你,4,1
994996,陈百强,一生何求,一生何求,9,1
90862,陈百强,一生何求,一生何求,8,1
9564949,陈百强,一生何求-,一生何求-,9,1
321856155,陈百强,偏偏喜欢你 (3D环绕版),偏偏喜欢你 (3D环绕版),0,0
4205604,陈百强,一生不变,一生不变,3,1
87326,陈百强,偏偏喜欢你,偏偏喜欢你,4,1
56127798,陈百强,偏偏喜欢你,偏偏喜欢你,4,1
55319535,陈百强,念亲恩,念亲恩,0,0
87327,陈百强,今宵多珍重,今宵多珍重,0,0
142806,陈百强,不,不,25,1
309957278,陈百强,偏偏喜欢你,偏偏喜欢你,4,1
1121422,陈百强,一生何求,一生何求,8,1
87336,陈百强,念亲恩,念亲恩,0,0
11047298,陈百强,偏偏喜欢你,偏偏喜欢你,4,1
2791008,陈百强,偏偏喜欢你,偏偏喜欢你,4,1
217893,陈百强,偏偏喜欢你,偏偏喜欢你,4,1
1038124,陈百强,偏偏喜欢你,偏偏喜欢你,4,1
2791242,陈百强,涟漪,涟漪,1,1
6760532,陈百强,一生何求,一生何求,9,1
217920,陈百强,等,等,1,1
22816217,陈百强,今宵多珍重,今宵多珍重,0,0
28733755,陈百强,烟雨凄迷,烟雨凄迷,2,1
2791131,陈百强,相思河畔,相思河畔,0,0
142890,陈百强,孤寂,孤寂,0,0
481552,韩宝仪,粉红色的回忆,粉红色的回忆,0,0
481565,韩宝仪,无奈的思绪,无奈的思绪,8,1
558644,韩宝仪,往事只能回味,往事只能回味,2,1
267291,韩宝仪,舞女,舞女,3,1
1250134,韩宝仪,舞女泪,舞女泪,0,0
23543636,韩宝仪,舞女泪,舞女泪,0,0
234993,韩宝仪,舞女泪,舞女泪,0,0
267533,韩宝仪,你潇洒我漂亮,你潇洒我漂亮,0,0
831152,韩宝仪,萍聚,萍聚,0,0
321846236,韩宝仪,抹去泪水,抹去泪水,0,0
270927,韩宝仪,一去不回头,一去不回头,2,1
270791,韩宝仪,抹去泪水,抹去泪水,0,0
1250158,韩宝仪,痴情的爱,痴情的爱,0,0
1119657,韩宝仪,错误的爱,错误的爱,1,1
234992,韩宝仪,无奈的思绪,无奈的思绪,10,1
2098665,韩宝仪,往事只能回味,往事只能回味,2,1
269235632,韩宝仪,你怎么说,你怎么说,3,1
4841383,韩宝仪,无言的温柔,无言的温柔,3,1
23543634,韩宝仪,抹去泪水,抹去泪水,0,0
282785,韩宝仪,舞女,舞女,3,1
23349912,韩宝仪,痴情的爱,痴情的爱,0,0
1250135,韩宝仪,你潇洒我漂亮,你潇洒我漂亮,0,0
91169066,韩宝仪,粉红色的回忆,粉红色的回忆,0,0
28707762,韩宝仪,除了你,除了你,6,1
91345555,韩宝仪,无言的温柔,无言的温柔,4,1
581316044,Grimmmz,老己进行曲（氛围鼓点版）,老己进行曲（氛围鼓点版）,0,0
453732946,Grimmmz,拼好歌 (拼好饭) (2024合集版),拼好歌 (拼好饭) (2024合集版),0,0
570384574,Grimmmz,蹦迪进行曲 (动感嗨曲),蹦迪进行曲 (动感嗨曲),0,0
537149404,Grimmmz,FreeLucky  go girl（北纬67度以北的雪）,FreeLucky  go girl（北纬67度以北的雪）,0,0
581316230,Grimmmz,五月的天刚诞生的夏天（破碎鼓点版）,五月的天刚诞生的夏天（破碎鼓点版）,0,0
581315841,Grimmmz,就这样莫名其妙的爱上你（DJ氛围版）,就这样莫名其妙的爱上你（DJ氛围版）,0,0
562237024,Grimmmz,NEXT 电音 (破碎旋律版),NEXT 电音 (破碎旋律版),0,0
581213806,Grimmmz,旧时的爱已经逝去,旧时的爱已经逝去,0,0
584414672,Grimmmz,心似烟火 (氛围律动版),心似烟火 (氛围律动版),0,0
558584520,Grimmmz,蛋糕店里卖蛋糕 (废话语录版),蛋糕店里卖蛋糕 (废话语录版),0,0
621035762,Grimmmz,来杯好茶摇一摇 (DJ来财摇),来杯好茶摇一摇 (DJ来财摇),0,0
557243036,Grimmmz,爱我你就抱抱我(忧郁幻昼版),爱我你就抱抱我(忧郁幻昼版),0,0
570430955,Grimmmz,Fever Pitch (高燃带感),Fever Pitch (高燃带感),0,0
478529838,Grimmmz,We Don't Talk Anymore (地球脉动),We Don't Talk Anymore (地球脉动),0,0
539153502,Grimmmz,REVENGE(燃版Slow),REVENGE(燃版Slow),0,0
596197897,Grimmmz,伯虎说 最炫民族风 国宝特攻 疯狂国宝 (动感进行曲),伯虎说 最炫民族风 国宝特攻 疯狂国宝 (动感进行曲),0,0
566986541,Grimmmz,Versatile (Funk Slowed),Versatile (Funk Slowed),0,0
555368202,Grimmmz,Stay With Me Type Beat (律动版),Stay With Me Type Beat (律动版),0,0
578381363,Grimmmz,passion (带感高燃进行曲),passion (带感高燃进行曲),0,0
563332181,Grimmmz,没有多难 没有遗憾 (DJ动感版),没有多难 没有遗憾 (DJ动感版),0,0
502980,郭静,心墙,心墙,0,0
384997,郭静,爱情讯息,爱情讯息,0,0
385005,郭静,下一个天亮,下一个天亮,6,1
512646204,郭静,爱情讯息 (Live),爱情讯息,0,0
40961060,郭静,下一个天亮,下一个天亮,6,1
3460514,郭静,下一个天亮,下一个天亮,6,1
618182924,郭静,我以为,我以为,3,1
40961020,郭静,心墙,心墙,0,0
502981,郭静,在树上唱歌,在树上唱歌,7,1
1080127,郭静,又是艳阳天,又是艳阳天,6,1
533117902,郭静,好像 (Live),好像,11,1
509984738,郭静,好像,好像,11,1
263015,郭静,你的香气,你的香气,4,1
28738547,郭静,风景旧曾谙,风景旧曾谙,0,0
272002269,郭静,心墙 (40秒DJ版片段),心墙 (40秒DJ版片段),0,0
844355,郭静,每一天都不同,每一天都不同,4,1
262996,郭静,我不想忘记你,我不想忘记你,3,1
83733636,郭静,烦恼歌 (Live),烦恼歌,0,0
89863560,郭静,青春不打烊,青春不打烊,4,1
27786958,郭静,拥抱你的微笑,拥抱你的微笑,6,1
566451124,郭静,半日闲,半日闲,0,0
267698395,郭静,心墙 (Live),心墙,0,0
529320502,郭静,下一个天亮 (2025-2026湖南卫视跨年晚会现场),下一个天亮,4,1
384999,郭静,不药而愈,不药而愈,2,1
1080114,郭静,陪着我的时候想着她,陪着我的时候想着她,6,1
336132931,王宇宙Leto,若月亮没来 (若是月亮还没来),若月亮没来 (若是月亮还没来),0,0
354485711,王宇宙Leto,若月亮没来 (DJ阿卓版),若月亮没来 (DJ阿卓版),0,0
363332596,王宇宙Leto,若月亮没来,若月亮没来,0,0
407923479,王宇宙Leto,城北的花,城北的花,2,1
354133566,王宇宙Leto,若月亮没来 (DJ铁柱版),若月亮没来 (DJ铁柱版),0,0
358994119,王宇宙Leto,若月亮没来 (吉他版),若月亮没来 (吉他版),0,0
364278375,王宇宙Leto,若月亮没来 (治愈版),若月亮没来 (治愈版),0,0
472493468,王宇宙Leto,城北的花 (Live),城北的花,2,1
514386619,王宇宙Leto,病态的爱,病态的爱,2,1
482269372,王宇宙Leto,若月亮没来   天亮以前说再见   不要慌太阳下山有月光 (Live),若月亮没来   天亮以前说再见   不要慌太阳下山有月光,0,0
485829407,王宇宙Leto,雾里,雾里,8,1
411205632,王宇宙Leto,山南的风吹到北 (治愈版),山南的风吹到北 (治愈版),0,0
518698197,王宇宙Leto,檐下花飞过,檐下花飞过,3,1
365394204,王宇宙Leto,那时白云悠悠,那时白云悠悠,4,1
478891763,王宇宙Leto,若月亮没来 (Live),若月亮没来,0,0
373178589,王宇宙Leto,月光摇摇晃,月光摇摇晃,0,0
298667426,王宇宙Leto,不分手的恋爱 (cover: 小鞠) (Demo),不分手的恋爱 (cover: 小鞠),0,0
424016799,王宇宙Leto,晚归的人,晚归的人,3,1
520135524,王宇宙Leto,亲爱的你啊,亲爱的你啊,1,1
379603222,王宇宙Leto,若你是那颗繁星,若你是那颗繁星,0,0
411209673,王宇宙Leto,等风吹过来,等风吹过来,5,1
446327883,王宇宙Leto,只为你着迷,只为你着迷,5,1
505039230,王宇宙Leto,若月亮没来 (2025安徽卫视中秋歌会现场),若月亮没来,0,0
467271991,王宇宙Leto,城北的花 (DJ阿智版),城北的花 (DJ阿智版),0,0
208456,张惠妹,我可以抱你吗,我可以抱你吗,6,1
7134989,张惠妹,不该 (with aMEI),不该 (with aMEI),0,0
64462,张惠妹,听海,听海,4,1
7134345,张惠妹,不该,不该,4,1
1003766,张惠妹,我最亲爱的,我最亲爱的,4,1
281087,张惠妹,如果你也听说,如果你也听说,5,1
63422,张惠妹,趁早,趁早,6,1
7233319,张惠妹,姊妹,姊妹,0,0
202388213,张惠妹,对等关系,对等关系,2,1
36958857,张惠妹,连名带姓,连名带姓,2,1
3343977,张惠妹,我可以抱你吗,我可以抱你吗,6,1
125861,张惠妹,人质,人质,1,1
1179143,张惠妹,Bad Boy,Bad Boy,44,1
280733,张惠妹,听海,听海,5,1
4084242,张惠妹,如果你也听说,如果你也听说,5,1
322641,张惠妹,最爱的人伤我最深,最爱的人伤我最深,0,0
75606,张惠妹,趁早,趁早,6,1
1041724,张惠妹,记得,记得,7,1
28731901,张惠妹,解脱,解脱,5,1
296139,张惠妹,别在伤口洒盐,别在伤口洒盐,0,0
64501,张惠妹,站在高岗上,站在高岗上,4,1
292422,张惠妹,最爱的人伤我最深,最爱的人伤我最深,0,0
839418,张惠妹,哭砂,哭砂,0,0
982447,张惠妹,哭砂,哭砂,0,0
225319341,张惠妹,相亲相爱,相亲相爱,0,0
165018,李翊君,雨蝶,雨蝶,0,0
324107,李翊君,诺言,诺言,1,1
59585,李翊君,雨蝶,雨蝶,0,0
511284,李翊君,风中的承诺,风中的承诺,0,0
2801777,李翊君,诺言,诺言,1,1
90154,李翊君,萍聚,萍聚,0,0
5043544,李翊君,永远永远,永远永远,15,1
836471,李翊君,雨蝶,雨蝶,0,0
2801784,李翊君,萍聚,萍聚,0,0
78213,李翊君,七情六欲,七情六欲,6,1
40960715,李翊君,风中的承诺,风中的承诺,0,0
449637,李翊君,风中的承诺,风中的承诺,0,0
239806,李翊君,痛,痛,8,1
6187877,李翊君,雨蝶,雨蝶,0,0
383553865,李翊君,诺言,诺言,1,1
40975893,李翊君,多情人都把灵魂给了谁,多情人都把灵魂给了谁,2,1
90167,李翊君,风中的承诺,风中的承诺,0,0
123341,李翊君,漂洋过海来看你,漂洋过海来看你,0,0
2809194,李翊君,多情人都把灵魂给了谁,多情人都把灵魂给了谁,2,1
324126,李翊君,雨蝶,雨蝶,0,0
51575171,李翊君,爱我，你怕了吗,爱我，你怕了吗,6,1
54734,李翊君,红雨,红雨,6,1
2809205,李翊君,痛,痛,7,1
2809208,李翊君,沙漠寂寞,沙漠寂寞,6,1
213779886,李翊君,永远永远,永远永远,15,1
89427629,王艳薇,离开我的依赖,离开我的依赖,4,1
488007180,王艳薇,离开我的依赖 (DJ铁柱),离开我的依赖 (DJ铁柱),0,0
531517512,王艳薇,离开我的依赖 (Live),离开我的依赖,4,1
488223194,王艳薇,离开我的依赖 (DJ豪大大),离开我的依赖 (DJ豪大大),0,0
488457984,王艳薇,离开我的依赖 (架子鼓),离开我的依赖 (架子鼓),0,0
488467104,王艳薇,离开我的依赖 (氛围版),离开我的依赖 (氛围版),0,0
51918076,王艳薇,天使亲吻过的声音,天使亲吻过的声音,3,1
319389799,王艳薇,我们 (feat. 李杰明),我们 (feat. 李杰明),0,0
474171472,王艳薇,离开我的依赖 (DJ 阿树版),离开我的依赖 (DJ 阿树版),0,0
487723012,王艳薇,离开我的依赖 (DJHZ),离开我的依赖 (DJHZ),0,0
51918066,王艳薇,框不住的爱,框不住的爱,4,1
147920807,王艳薇,框不住的爱,框不住的爱,4,1
41246105,王艳薇,无色忧伤,无色忧伤,0,0
530052736,王艳薇,离开我的依赖 (2026有歌第二季现场),离开我的依赖,3,1
498927146,王艳薇,离开我的依赖 (0.8x),离开我的依赖 (0.8x),0,0
501750297,王艳薇,离开我的依赖 (悄悄做个梦给你),离开我的依赖 (悄悄做个梦给你),0,0
256151552,王艳薇,蓝色女孩,蓝色女孩,0,0
498927262,王艳薇,离开我的依赖 (0.95x),离开我的依赖 (0.95x),0,0
474171090,王艳薇,离开我的依赖 (DJ 阿罗版),离开我的依赖 (DJ 阿罗版),0,0
545831525,王艳薇,爱过的样子,爱过的样子,4,1
51918070,王艳薇,无色忧伤,无色忧伤,0,0
564786295,王艳薇,记得吗,记得吗,0,0
291465062,王艳薇,Take Me to the Edge,Take Me to the Edge,6,1
144372284,王艳薇,River,River,3,1
4100778,方大同,特别的人,特别的人,6,1
2836480,方大同,春风吹,春风吹,4,1
3199885,方大同,麦恩莉,麦恩莉,0,0
407348614,方大同,才二十三,才二十三,3,1
349233,方大同,Love Song,Love Song,14,1
222609,方大同,爱爱爱,爱爱爱,3,1
3632474,方大同,红豆,红豆,1,1
16176660,方大同,三人游,三人游,3,1
216646668,方大同,清楚点,清楚点,26,1
4100780,方大同,天气先生,天气先生,0,0
349238,方大同,够不够,够不够,4,1
3199884,方大同,关于爱的定义,关于爱的定义,1,1
546529,方大同,为你写的歌,为你写的歌,3,1
41223290,方大同,红豆,红豆,1,1
547110,方大同,Nothing's Gonna Change My Love For You,Nothing's Gonna Change My Love For You,8,1
28508327,方大同,听,听,14,1
457111,方大同,每个人都会,每个人都会,0,0
1652140,方大同,因为你,因为你,0,0
382807,方大同,复刻回忆,复刻回忆,2,1
222615,方大同,苏丽珍,苏丽珍,2,1
349236,方大同,爱在,爱在,21,1
3632456,方大同,春风吹,春风吹,4,1
457115,方大同,小小虫,小小虫,3,1
3632470,方大同,三人游,三人游,3,1
358387161,方大同,特别的人 (Live),特别的人,6,1
66517137,叶蒨文,潇洒走一回,潇洒走一回,5,1
6206895,叶蒨文,曾经心痛,曾经心痛,5,1
1035041,叶蒨文,潇洒走一回,潇洒走一回,4,1
56059534,叶蒨文,春风秋雨,春风秋雨,0,0
16361913,叶蒨文,潇洒走一回,潇洒走一回,5,1
16932154,叶蒨文,祝福,祝福,6,1
84955,叶蒨文,爱的可能,爱的可能,3,1
16176670,叶蒨文,情人知己,情人知己,0,0
269819,叶蒨文,秋去秋来,秋去秋来,0,0
218006855,叶蒨文,海阔天空 (Live),海阔天空,0,0
324349,叶蒨文,真心真意过一生,真心真意过一生,3,1
842455,叶蒨文,选择,选择,14,1
152955504,叶蒨文,明天会更好 (1997香港回归晚会),明天会更好 (1997香港回归晚会),0,0
14555937,叶蒨文,瀟灑走一回,瀟灑走一回,0,0
51421726,叶蒨文,选择,选择,14,1
282931,叶蒨文,曾经心痛,曾经心痛,5,1
225425567,叶蒨文,东方之珠 (Live),东方之珠,4,1
22805041,叶蒨文,曾经心庝 (Live),曾经心庝,0,0
222176154,叶蒨文,敢爱敢做 (Live),敢爱敢做,0,0
51522644,叶蒨文,伤逝 (国语版),伤逝 (国语版),0,0
171748,叶蒨文,敢爱敢做 (Live),敢爱敢做,0,0
7248458,叶蒨文,曾经心痛,曾经心痛,5,1
87533,叶蒨文,潇洒走一回,潇洒走一回,5,1
6857876,叶蒨文,情人知己,情人知己,0,0
3033617,叶蒨文,珍重,珍重,0,0
472152,潘玮柏,不得不爱,不得不爱,6,1
133520,潘玮柏,我想更懂你,我想更懂你,10,1
501687,潘玮柏,双人舞,双人舞,6,1
295904,潘玮柏,不得不爱,不得不爱,6,1
501686,潘玮柏,亲爱的,亲爱的,2,1
150730,潘玮柏,爱上未来的你,爱上未来的你,6,1
540360,潘玮柏,快乐崇拜,快乐崇拜,6,1
133516,潘玮柏,反转地球,反转地球,8,1
150726,潘玮柏,我的麦克风,我的麦克风,8,1
84242,潘玮柏,壁虎漫步,壁虎漫步,5,1
588551,潘玮柏,听妈妈的话 (Live),听妈妈的话,5,1
22811674,潘玮柏,Tell Me,Tell Me,8,1
395381,潘玮柏,快乐崇拜,快乐崇拜,6,1
55299462,潘玮柏,攀登 (Live),攀登,0,0
150729,潘玮柏,我们都会错,我们都会错,3,1
289944419,潘玮柏,有没有一首歌会让你想起我 (Live),有没有一首歌会让你想起我,0,0
190346826,潘玮柏,快乐崇拜,快乐崇拜,6,1
190293712,潘玮柏,Tell Me,Tell Me,8,1
347667,潘玮柏,快乐崇拜,快乐崇拜,6,1
5059859,潘玮柏,路太弯,路太弯,6,1
7037143,潘玮柏,重返十七岁,重返十七岁,3,1
2216601,潘玮柏,U U U,U U U,12,1
190307263,潘玮柏,不得不爱,不得不爱,6,1
3831661,Justin Bieber,Beauty And A Beat,Beauty And A Beat,3,1
184556963,Justin Bieber,STAY (Explicit),STAY (Explicit),0,0
797784,Justin Bieber,Baby,Baby,56,1
39749787,Justin Bieber,Baby,Baby,56,1
1228618,Justin Bieber,As Long As You Love Me,As Long As You Love Me,21,1
28520103,Justin Bieber,Baby (Album Version),Baby (Album Version),0,0
184600062,Justin Bieber,STAY (Clean),STAY (Clean),0,0
170904560,Justin Bieber,Peaches (Explicit),Peaches (Explicit),0,0
89634359,Justin Bieber,Come Around Me,Come Around Me,11,1
613628846,Justin Bieber,ALL I CAN TAKE,ALL I CAN TAKE,16,1
619725,Justin Bieber,Love Me,Love Me,24,1
38617422,Justin Bieber,Despacito (Remix),Despacito,10,1
666970,Justin Bieber,Baby,Baby,56,1
257754984,Justin Bieber,Baby,Baby,55,1
156755662,Justin Bieber,Monster,Monster,6,1
6673573,Justin Bieber,What Do You Mean?,What Do You Mean?,28,1
7203846,Justin Bieber,Let Me Love You,Let Me Love You,12,1
6700608,Justin Bieber,Love Yourself,Love Yourself,8,1
89644056,Justin Bieber,Intentions,Intentions,9,1
6673572,Justin Bieber,Sorry,Sorry,20,1
613628944,Justin Bieber,DAISIES,DAISIES,0,0
187376328,Justin Bieber,Love Yourself,Love Yourself,8,1
1228609,Justin Bieber,Beauty and a Beat,Beauty and a Beat,3,1
619727,Justin Bieber,One Time,One Time,33,1
142201454,Justin Bieber,Eenie Meenie (Album Version),Eenie Meenie (Album Version),0,0
6749207,Alan Walker,Faded,Faded,11,1
75869297,Alan Walker,Play,Play,14,1
28660541,Alan Walker,The Spectre,The Spectre,0,0
12442905,Alan Walker,Alone,Alone,0,0
224414588,Alan Walker,Fade,Fade,0,0
41362948,Alan Walker,Ignite,Ignite,15,1
65633689,Alan Walker,On My Way (Explicit),On My Way (Explicit),0,0
224414564,Alan Walker,Spectre,Spectre,0,0
30142598,Alan Walker,All Falls Down,All Falls Down,14,1
49036768,Alan Walker,Darkside,Darkside,15,1
36615676,Alan Walker,Faded,Faded,11,1
7113192,Alan Walker,Sing Me to Sleep,Sing Me to Sleep,8,1
481666858,Alan Walker,Old Habits,Old Habits,0,0
27780765,Alan Walker,Hymn For The Weekend (Remix),Hymn For The Weekend,0,0
40171818,Alan Walker,Legends Never Die (Alan Walker Remix),Legends Never Die,17,1
59448098,Alan Walker,Faded,Faded,11,1
6245379,Alan Walker,Fade,Fade,0,0
77343665,Alan Walker,Sad Sometimes,Sad Sometimes,5,1
59448407,Alan Walker,Lost Control,Lost Control,9,1
91086203,Alan Walker,End of Time,End of Time,6,1
302275602,Alan Walker,The Spectre,The Spectre,0,0
322571557,Alan Walker,Fire!,Fire!,6,1
59448095,Alan Walker,All Falls Down,All Falls Down,9,1
6568057,Alan Walker,Spectre,Spectre,0,0
9929254,A-Lin,天若有情,天若有情,5,1
55308191,A-Lin,有一种悲伤,有一种悲伤,5,1
3783780,A-Lin,给我一个理由忘记,给我一个理由忘记,2,1
3214946,A-Lin,幸福了 然后呢,幸福了 然后呢,3,1
28663893,A-Lin,无人知晓的我,无人知晓的我,5,1
477344271,A-Lin,忘了 (Live),忘了,4,1
254895,A-Lin,爱，请问怎么走,爱，请问怎么走,2,1
125584,A-Lin,失恋无罪,失恋无罪,6,1
517294773,A-Lin,爱就一个字 (Live),爱就一个字,8,1
6196345,A-Lin,拿走了什么,拿走了什么,5,1
215067780,A-Lin,Link电台,Link电台,2,1
539095905,A-Lin,故乡的云 (Live),故乡的云,9,1
518904359,A-Lin,爱错 (Live),爱错,4,1
402553,A-Lin,P.S.我爱你,P.S.我爱你,0,0
34555312,A-Lin,月牙湾 (Live),月牙湾,2,1
536845600,A-Lin,龙的传人 (Live),龙的传人,5,1
914649,A-Lin,给我一个理由忘记,给我一个理由忘记,2,1
270860903,A-Lin,给我一个理由忘记 (Live),给我一个理由忘记,2,1
628846,A-Lin,现在我很幸福,现在我很幸福,0,0
382349531,A-Lin,天后 (Live),天后,5,1
6202525,A-Lin,给我一个理由忘记 (Live),给我一个理由忘记,2,1
6351577,A-Lin,爱 (Live),爱,3,1
594579682,A-Lin,一个人,一个人,8,1
384565879,A-Lin,连名带姓 (Live),连名带姓,2,1
314330553,A-Lin,天若有情 (Live),天若有情,5,1
3202719,草蜢,半点心,半点心,4,1
3202659,草蜢,失恋阵线联盟,失恋阵线联盟,0,0
91342,草蜢,失恋,失恋,0,0
175024,草蜢,宝贝，对不起,宝贝，对不起,8,1
2285353,草蜢,半点心,半点心,4,1
1076335,草蜢,失恋阵线联盟,失恋阵线联盟,0,0
492445540,草蜢,半点心 (黑胶版),半点心 (黑胶版),0,0
3201743,草蜢,半点心(国语版),半点心(国语版),0,0
625104,草蜢,失恋阵线联盟,失恋阵线联盟,0,0
370597757,草蜢,特别的爱给特别的你   爱   水手   失恋阵线联盟   十七岁那年的雨季   大海   花心   雨一直下   挪威的森林   心太软 (网友改编),特别的爱给特别的你   爱   水手   失恋阵线联盟   十七岁那年的雨季   大海   花心   雨一直下   挪威的森林   心太软 (网友改编),0,0
378474015,草蜢,失恋阵线联盟 (黑胶版),失恋阵线联盟 (黑胶版),0,0
99172,草蜢,失恋,失恋,0,0
255776,草蜢,宝贝对不起,宝贝对不起,8,1
51683464,草蜢,失恋阵线联盟 (DJ版),失恋阵线联盟 (DJ版),0,0
5335522,草蜢,忘情森巴舞,忘情森巴舞,0,0
608432,草蜢,失恋,失恋,0,0
7319449,草蜢,OPENING / 星光灿烂 (Live in Hong Kong / 1990),OPENING / 星光灿烂,1,1
119056,草蜢,宝贝，对不起,宝贝，对不起,8,1
3986590,草蜢,半点心,半点心,4,1
4904655,草蜢,永远爱着您,永远爱着您,0,0
11680041,草蜢,宝贝，对不起,宝贝，对不起,8,1
22867296,草蜢,失恋阵线联盟,失恋阵线联盟,0,0
22821060,草蜢,失恋,失恋,0,0
26062775,草蜢,半点心,半点心,4,1
51520642,陈慧琳,记事本,记事本,1,1
22809628,陈慧琳,都是你的错,都是你的错,8,1
86371,陈慧琳,记事本,记事本,1,1
23639474,陈慧琳,心服口服,心服口服,0,0
28394454,陈慧琳,记事本,记事本,1,1
323422,陈慧琳,花花宇宙,花花宇宙,0,0
511263,陈慧琳,制造浪漫,制造浪漫,0,0
185014865,陈慧琳,记事本,记事本,1,1
323420,陈慧琳,不如跳舞,不如跳舞,12,1
217743,陈慧琳,不如跳舞,不如跳舞,12,1
511261,陈慧琳,记事本,记事本,1,1
22867418,陈慧琳,都是你的错,都是你的错,8,1
51449268,陈慧琳,前所未见,前所未见,0,0
116833,陈慧琳,今生你作伴,今生你作伴,0,0
306242,陈慧琳,希望,希望,2,1
148954,陈慧琳,我不够爱你,我不够爱你,6,1
5048223,陈慧琳,都是你的错,都是你的错,8,1
91296,陈慧琳,记事本,记事本,1,1
97495,陈慧琳,LOVE PARADISE,LOVE PARADISE,3,1
1039960,陈慧琳,都是你的错,都是你的错,8,1
94299,陈慧琳,阁楼,阁楼,2,1
2832977,陈慧琳,谁愿放手,谁愿放手,0,0
80755,陈慧琳,她比我丑,她比我丑,3,1
298030,陈慧琳,谁愿放手,谁愿放手,0,0
126543,光良,童话,童话,10,1
238215,光良,第一次,第一次,13,1
51446100,光良,烟火,烟火,4,1
40614121,光良,第一次 (Live),第一次,5,1
95374047,光良,童话,童话,10,1
126530,光良,约定,约定,10,1
202727,光良,童话,童话,10,1
40429562,光良,第一次,第一次,13,1
21766944,光良,第一次 (Live),第一次,13,1
126532,光良,勇气,勇气,6,1
6685178,光良,浪花一朵朵,浪花一朵朵,4,1
202730,光良,第一次,第一次,13,1
103151,光良,少年,少年,8,1
1021940,光良,童话 (Live),童话,10,1
527708956,光良,童话 (3D环绕版),童话 (3D环绕版),0,0
16854410,光良,第一次 (Live),第一次,13,1
6485840,光良,约定,约定,10,1
308489443,光良,童话 (Live),童话,10,1
98233681,光良,都是你,都是你,10,1
409091,光良,右手边,右手边,5,1
27792186,光良,浪花一朵朵 (任贤齐&Friends演唱会版),浪花一朵朵 (任贤齐&Friends演唱会版),0,0
202725,光良,少年,少年,8,1
1071754,光良,朋友首日封,朋友首日封,0,0
28789589,光良,浪花一朵朵,浪花一朵朵,4,1
877978,杨千嬅,处处吻,处处吻,0,0
93890,杨千嬅,处处吻,处处吻,0,0
171417,杨千嬅,野孩子,野孩子,3,1
96108,杨千嬅,少女的祈祷,少女的祈祷,0,0
22853452,杨千嬅,可惜我是水瓶座,可惜我是水瓶座,0,0
45841257,杨千嬅,花好月圆夜 (国语版),花好月圆夜 (国语版),0,0
625443,杨千嬅,野孩子,野孩子,3,1
171329,杨千嬅,稀客,稀客,1,1
51573481,杨千嬅,小城大事,小城大事,0,0
33766033,杨千嬅,再见二丁目,再见二丁目,0,0
82984,杨千嬅,少女的祈祷,少女的祈祷,0,0
1134541,杨千嬅,勇,勇,7,1
86073,杨千嬅,花好月圆夜 (广东版),花好月圆夜 (广东版),0,0
6950509,杨千嬅,处处吻,处处吻,0,0
228448,杨千嬅,处处吻,处处吻,0,0
2284695,杨千嬅,可惜我是水瓶座,可惜我是水瓶座,0,0
197392115,杨千嬅,致敬勇士 (伴奏),致敬勇士,4,1
871234,杨千嬅,再见二丁目,再见二丁目,0,0
222981321,杨千嬅,下一站天后 (Live),下一站天后,0,0
4315263,杨千嬅,大城小事(粤语 Dj Candy),大城小事(粤语 Dj Candy),0,0
1076345,动力火车,当,当,18,1
175076,动力火车,那就这样吧,那就这样吧,6,1
310085,动力火车,背叛情歌,背叛情歌,0,0
1028538,动力火车,忠孝东路走九遍,忠孝东路走九遍,7,1
128539,动力火车,第一滴泪,第一滴泪,10,1
61541,动力火车,无情的情书,无情的情书,0,0
490734,动力火车,那就这样吧,那就这样吧,6,1
488651,动力火车,当,当,18,1
490724,动力火车,背叛情歌,背叛情歌,0,0
175088,动力火车,明天的明天的明天,明天的明天的明天,5,1
28714260,动力火车,第一滴泪,第一滴泪,10,1
75103,动力火车,酒醉的探戈2001,酒醉的探戈2001,0,0
5388231,动力火车,终于明白,终于明白,4,1
13272659,动力火车,忠孝东路走九遍,忠孝东路走九遍,7,1
90251,动力火车,忠孝东路走九遍,忠孝东路走九遍,7,1
13272664,动力火车,无情的情书,无情的情书,0,0
490730,动力火车,第一滴泪,第一滴泪,9,1
13272665,动力火车,背叛情歌,背叛情歌,0,0
61175517,动力火车,跟着感觉走 (Live),跟着感觉走,10,1
266510211,动力火车,我的未来不是梦 (Live),我的未来不是梦,12,1
984277,动力火车,蜗牛,蜗牛,0,0
90241,动力火车,当,当,18,1
13272662,动力火车,终于明白,终于明白,4,1
15651705,BIGBANG,IF YOU,IF YOU,12,1
7254751,BIGBANG,거짓말,거짓말,8,1
19331199,BIGBANG,하루하루,하루하루,4,1
12209102,BIGBANG,FANTASTIC BABY,FANTASTIC BABY,10,1
313788858,BIGBANG,IF YOU,IF YOU,12,1
19460278,BIGBANG,BLUE,BLUE,8,1
6906524,BIGBANG,BANG BANG BANG (KR Ver.),BANG BANG BANG (KR Ver.),0,0
30364355,BIGBANG,뱅뱅뱅 (BANG BANG BANG),뱅뱅뱅 (BANG BANG BANG),0,0
6906526,BIGBANG,IF YOU (KR Ver.),IF YOU (KR Ver.),0,0
6430200,BIGBANG,LOSER,LOSER,12,1
7177345,BIGBANG,Let's not fall in love,Let's not fall in love,0,0
19460275,BIGBANG,BAD BOY,BAD BOY,9,1
15651706,BIGBANG,SOBER,SOBER,0,0
6906525,BIGBANG,Let's not fall in love (KR Ver.),Let's not fall in love (KR Ver.),0,0
51430559,BIGBANG,Haru Haru,Haru Haru,0,0
13790859,BIGBANG,LAST DANCE,LAST DANCE,3,1
15299710,BIGBANG,거짓말 (Remix),거짓말,8,1
1219533,BIGBANG,Monster,Monster,9,1
16115589,BIGBANG,마지막 인사,마지막 인사,4,1
15299702,BIGBANG,Tonight,Tonight,14,1
1018749,BIGBANG,LIE(コジンマル),LIE(コジンマル),0,0
313785821,BIGBANG,BANG BANG BANG,BANG BANG BANG,14,1
13790858,BIGBANG,FXXK IT (에라 모르겠다),FXXK IT (에라 모르겠다),0,0
6430199,BIGBANG,BAE BAE,BAE BAE,0,0
1219535,BIGBANG,Fantastic Baby (Special Edition 'Still Alive'),Fantastic Baby,10,1
112051,张震岳,再见,再见,2,1
263061,张震岳,再见,再见,2,1
1028145,张震岳,小宇,小宇,0,0
38707529,张震岳,迷途羔羊,迷途羔羊,0,0
156953,张震岳,爱我别走,爱我别走,6,1
282804,张震岳,爱的初体验,爱的初体验,0,0
61175363,张震岳,再见 (Live),再见,2,1
478891876,张震岳,小半 (Live),小半,0,0
93973,张震岳,爱的初体验,爱的初体验,0,0
156888,张震岳,爱的初体验,爱的初体验,0,0
295538,张震岳,很难,很难,2,1
35368342,张震岳,爱我别走,爱我别走,6,1
255650,张震岳,路口,路口,4,1
1064740,张震岳,再见,再见,2,1
13356587,张震岳,凡人歌 (Live),凡人歌,0,0
475473036,张震岳,温柔的慈悲 (Live),温柔的慈悲,6,1
28384214,张震岳,凡人歌 (Live),凡人歌,1,1
467520983,张震岳,泪桥 (Live),泪桥,0,0
26452585,张震岳,差不多先生 (Live),差不多先生,29,1
301996314,张震岳,再见 (DJ版),再见 (DJ版),0,0
485290083,张震岳,搬家,搬家,0,0
156887,张震岳,爱我别走,爱我别走,6,1
1373819,张震岳,离开,离开,14,1
226043,齐秦,大约在冬季,大约在冬季,0,0
150974,齐秦,往事随风,往事随风,8,1
32575342,齐秦,夜夜夜夜 (Live),夜夜夜夜,0,0
150940,齐秦,不让我的眼泪陪我过夜,不让我的眼泪陪我过夜,6,1
40960854,齐秦,大约在冬季,大约在冬季,0,0
218086,齐秦,夜夜夜夜,夜夜夜夜,0,0
28416499,齐秦,夜夜夜夜,夜夜夜夜,1,1
1080499,齐秦,原来的我,原来的我,4,1
1650058,齐秦,大约在冬季,大约在冬季,0,0
150999,齐秦,大约在冬季,大约在冬季,0,0
327864,齐秦,夜夜夜夜,夜夜夜夜,0,0
218078,齐秦,不让我的眼泪陪我过夜,不让我的眼泪陪我过夜,6,1
54651705,齐秦,无情的雨 无情的你,无情的雨 无情的你,0,0
1994549,齐秦,花祭,花祭,0,0
3437435,齐秦,大约在冬季,大约在冬季,0,0
370457447,齐秦,鬼迷心窍   爱上一个不回家的人   曲终人散   有多少爱可以重来   不让我的眼泪陪我过夜   往事只能回味   再回首   后来   盛夏的果实   光阴的故事 (网友改编),鬼迷心窍   爱上一个不回家的人   曲终人散   有多少爱可以重来   不让我的眼泪陪我过夜   往事只能回味   再回首   后来   盛夏的果实   光阴的故事 (网友改编),0,0
327890,齐秦,大约在冬季,大约在冬季,0,0
54651595,齐秦,这一次我绝不放手,这一次我绝不放手,3,1
151003,齐秦,外面的世界,外面的世界,9,1
28728694,齐秦,夜夜夜夜,夜夜夜夜,0,0
40370441,齐秦,大约在冬季,大约在冬季,0,0
110828,齐秦,外面的世界,外面的世界,9,1
51512833,齐秦,不让我的眼泪陪我过夜,不让我的眼泪陪我过夜,6,1
150945,齐秦,火柴天堂,火柴天堂,0,0
1994550,齐秦,狂流,狂流,6,1
167963978,王靖雯,沦陷,沦陷,3,1
151367163,王靖雯,善变,善变,2,1
159472590,王靖雯,忘了没有,忘了没有,18,1
146192071,王靖雯,不知所措,不知所措,3,1
384218331,王靖雯,谦让,谦让,2,1
241768635,王靖雯,玫瑰少年,玫瑰少年,1,1
155900233,王靖雯,遗憾也值得,遗憾也值得,0,0
160385983,王靖雯,会吗,会吗,6,1
207675701,王靖雯,说说话,说说话,2,1
154973686,王靖雯,善变 (DJR7版),善变 (DJR7版),0,0
155976663,王靖雯,善变 (DJ版),善变 (DJ版),1,1
143276319,王靖雯,爱，存在,爱，存在,4,1
191602492,王靖雯,下一个,下一个,6,1
234305580,王靖雯,沦陷 (DJ阿卓版),沦陷 (DJ阿卓版),0,0
396340024,王靖雯,衍爱,衍爱,0,0
195013425,王靖雯,说说话 (Live),说说话,2,1
244365426,王靖雯,不知所措 (DJ阿卓版),不知所措 (DJ阿卓版),0,0
186702861,王靖雯,忽而今夏 (Live),忽而今夏,0,0
433281846,王靖雯,谦让 (Live),谦让,3,1
149961693,王靖雯,永不失联的爱,永不失联的爱,0,0
273136956,王靖雯,好戏,好戏,1,1
181241670,王靖雯,空欢喜,空欢喜,7,1
366488119,王靖雯,忘了没有   沦陷   善变   不知所措 (网友改编),忘了没有   沦陷   善变   不知所措 (网友改编),0,0
328122487,王靖雯,不管明天（Dawn),不管明天（Dawn),0,0
263424605,王靖雯,似你,似你,12,1
91623,F.I.R.飞儿乐团,我们的爱,我们的爱,6,1
6462695,F.I.R.飞儿乐团,心之火,心之火,0,0
175554,F.I.R.飞儿乐团,千年之恋,千年之恋,0,0
315706,F.I.R.飞儿乐团,月牙湾,月牙湾,2,1
91622,F.I.R.飞儿乐团,你的微笑,你的微笑,3,1
7284676,F.I.R.飞儿乐团,Lydia,Lydia,2,1
220437989,F.I.R.飞儿乐团,三国恋2022,三国恋2022,0,0
3731465,F.I.R.飞儿乐团,月牙湾,月牙湾,2,1
3731468,F.I.R.飞儿乐团,千年之恋,千年之恋,0,0
6832491,F.I.R.飞儿乐团,雨樱花,雨樱花,0,0
3731466,F.I.R.飞儿乐团,你的微笑,你的微笑,3,1
13914796,F.I.R.飞儿乐团,我要飞,我要飞,5,1
59381475,F.I.R.飞儿乐团,月牙湾,月牙湾,2,1
23543188,F.I.R.飞儿乐团,Fly Away,Fly Away,7,1
87577,F.I.R.飞儿乐团,Lydia (演奏曲),Lydia (演奏曲),0,0
205696749,F.I.R.飞儿乐团,我们的爱 (Live),我们的爱,6,1
299829404,F.I.R.飞儿乐团,心之火 (DJ版),心之火 (DJ版),0,0
106614,F.I.R.飞儿乐团,刺鸟,刺鸟,4,1
91625,F.I.R.飞儿乐团,Lydia,Lydia,2,1
8298816,F.I.R.飞儿乐团,亚特兰提斯,亚特兰提斯,3,1
6832497,F.I.R.飞儿乐团,眷恋,眷恋,2,1
22822233,F.I.R.飞儿乐团,千年之恋 (Unplug 版),千年之恋 (Unplug 版),0,0
106610,F.I.R.飞儿乐团,把爱放开,把爱放开,9,1
3731464,F.I.R.飞儿乐团,我们的爱,我们的爱,6,1
25138567,F.I.R.飞儿乐团,你的微笑 (Live),你的微笑,3,1
1144184,邰正宵,九百九十九朵玫瑰,九百九十九朵玫瑰,6,1
237881,邰正宵,千纸鹤,千纸鹤,4,1
152578,邰正宵,一千零一夜,一千零一夜,10,1
246284,邰正宵,找一个字代替,找一个字代替,2,1
1028208,邰正宵,心要让你听见,心要让你听见,6,1
254290942,邰正宵,千纸鹤,千纸鹤,4,1
27200069,邰正宵,九百九十九朵玫瑰,九百九十九朵玫瑰,6,1
1165548,邰正宵,永远不回头,永远不回头,9,1
113709,邰正宵,心要让你听见,心要让你听见,6,1
9826383,邰正宵,找一个字代替 (Live),找一个字代替,1,1
113707,邰正宵,情人之间的情人,情人之间的情人,0,0
77153,邰正宵,好人好梦,好人好梦,0,0
6622547,邰正宵,一千零一夜,一千零一夜,10,1
16769197,邰正宵,九百九十九朵玫瑰,九百九十九朵玫瑰,6,1
152538,邰正宵,九百九十九朵玫瑰,九百九十九朵玫瑰,6,1
51410464,邰正宵,爱的传说,爱的传说,0,0
113714,邰正宵,九百九十九朵玫瑰,九百九十九朵玫瑰,6,1
6622548,邰正宵,找一个字代替,找一个字代替,2,1
113702,邰正宵,千纸鹤,千纸鹤,4,1
568781848,邰正宵,永远不回头,永远不回头,9,1
52786949,邰正宵,心要让你听见,心要让你听见,6,1
1028171,邰正宵,情人之间的情人,情人之间的情人,0,0
9826387,邰正宵,一千零一夜 (Live),一千零一夜,10,1
2836943,邰正宵,心要让你听见 (Live),心要让你听见,6,1
533393,卓依婷,明天会更好,明天会更好,3,1
90591089,卓依婷,孤儿乐园,孤儿乐园,0,0
866713,卓依婷,长相依,长相依,1,1
533391,卓依婷,兰花草,兰花草,2,1
6253074,卓依婷,捉泥鳅,捉泥鳅,18,1
533397,卓依婷,生日快乐,生日快乐,8,1
1027626,卓依婷,爱拼才会赢,爱拼才会赢,3,1
23542951,卓依婷,童年,童年,5,1
6545211,卓依婷,东南西北风,东南西北风,3,1
324355,卓依婷,萍聚,萍聚,0,0
1028113,卓依婷,潮湿的心,潮湿的心,4,1
54864,卓依婷,别问我是谁,别问我是谁,5,1
22850640,卓依婷,好运来,好运来,27,1
1028115,卓依婷,心雨,心雨,0,0
1027624,卓依婷,免失志,免失志,6,1
23543222,卓依婷,杜十娘,杜十娘,3,1
1027627,卓依婷,爱情一阵风,爱情一阵风,1,1
70549,卓依婷,外婆的澎湖湾,外婆的澎湖湾,2,1
1027628,卓依婷,爱人跟人走,爱人跟人走,0,0
170843824,卓依婷,抓泥鳅,抓泥鳅,0,0
226129,卓依婷,财神来到我家门,财神来到我家门,5,1
376073428,卓依婷,追求,追求,1,1
864179,卓依婷,鲁冰花,鲁冰花,8,1
1028119,卓依婷,迟来的爱,迟来的爱,3,1
4177049,卓依婷,乡间的小路,乡间的小路,5,1
1244660,BY2,有点甜,有点甜,2,1
493258,BY2,我知道,我知道,6,1
397474,BY2,爱丫爱丫,爱丫爱丫,4,1
6698742,BY2,凑热闹,凑热闹,6,1
3427508,BY2,爱的双重魔力,爱的双重魔力,0,0
6698734,BY2,我知道,我知道,6,1
6698736,BY2,这叫爱,这叫爱,3,1
214356704,BY2,你还在听吗,你还在听吗,4,1
166539617,BY2,不潮不用花钱 (Live片段),不潮不用花钱,0,0
675708,BY2,这叫爱,这叫爱,3,1
6698740,BY2,爱丫爱丫,爱丫爱丫,3,1
11160257,BY2,爱丫爱丫,爱丫爱丫,3,1
1609163,BY2,爱情闯进门,爱情闯进门,5,1
6698738,BY2,爱的双重魔力,爱的双重魔力,0,0
38520361,BY2,凑热闹,凑热闹,6,1
493261,BY2,新少女祈祷,新少女祈祷,0,0
1609161,BY2,你并不懂我,你并不懂我,2,1
224552279,BY2,有点甜,有点甜,3,1
173838666,BY2,坏女孩 (Bad Girl),坏女孩 (Bad Girl),0,0
358080386,BY2,有点甜 (Live),有点甜,2,1
493254,BY2,DNA,DNA,4,1
1094256,BY2,不是故意,不是故意,6,1
956237,BY2,不够成熟,不够成熟,2,1
675704,BY2,带我离开,带我离开,5,1
493262,BY2,勇敢,勇敢,3,1
113901,张敬轩,断点,断点,2,1
329277,张敬轩,断点,断点,2,1
631041,张敬轩,酷爱,酷爱,0,0
27394353,张敬轩,吻得太逼真,吻得太逼真,3,1
40365991,张敬轩,吻得太逼真,吻得太逼真,4,1
220013807,张敬轩,赛勒斯的爱,赛勒斯的爱,0,0
1001076,张敬轩,吻得太逼真,吻得太逼真,4,1
22858032,张敬轩,只是太爱你,只是太爱你,3,1
161391223,张敬轩,只是太爱你,只是太爱你,4,1
326284218,张敬轩,吻得太逼真,吻得太逼真,4,1
177260720,张敬轩,断点,断点,2,1
685384,张敬轩,春秋,春秋,1,1
394376,张敬轩,樱花树下,樱花树下,0,0
350006,张敬轩,断点,断点,2,1
6231406,张敬轩,只是太爱你,只是太爱你,3,1
161391256,张敬轩,断点,断点,2,1
127706,张敬轩,过云雨,过云雨,1,1
113905,张敬轩,My Way,My Way,8,1
753586,张敬轩,爱的故事上集 (Live),爱的故事上集,0,0
202343338,张敬轩,吻得太逼真,吻得太逼真,4,1
619009,张敬轩,后来,后来,8,1
257264611,张敬轩,吴哥窟 (2016系咐升两度降两度你俾我啡阵得唔得唧世界无限轮回演唱会) (现场),吴哥窟 (2016系咐升两度降两度你俾我啡阵得唔得唧世界无限轮回演唱会),0,0
22853049,张敬轩,断点,断点,2,1
3250104,张敬轩,值得,值得,12,1
28461656,张敬轩,尘埃落定,尘埃落定,0,0
1105362,林志炫,单身情歌,单身情歌,1,1
23655613,林志炫,单身情歌,单身情歌,1,1
51383585,林志炫,你的样子,你的样子,4,1
3984859,林志炫,凤凰花开的路口,凤凰花开的路口,3,1
6874740,林志炫,单身情歌,单身情歌,1,1
3241188,林志炫,没离开过 (Live),没离开过,4,1
3248366,林志炫,烟花易冷 (Live),烟花易冷,1,1
149154,林志炫,离人,离人,6,1
3298907,林志炫,单身情歌,单身情歌,1,1
1024739,林志炫,凤凰花开的路口,凤凰花开的路口,3,1
610898100,林志炫,故事还有呢,故事还有呢,3,1
75916,林志炫,蒙娜丽莎的眼泪,蒙娜丽莎的眼泪,0,0
2779032,林志炫,单身情歌,单身情歌,1,1
72153296,林志炫,醉梦前尘,醉梦前尘,0,0
207245802,林志炫,朋友 (Live),朋友,5,1
51433157,林志炫,你的样子,你的样子,4,1
206483549,林志炫,这世界那么多人 (Live),这世界那么多人,0,0
179246,林志炫,蒙娜丽莎的眼泪,蒙娜丽莎的眼泪,0,0
7079757,林志炫,单身情歌,单身情歌,1,1
93478,林志炫,蒙娜丽莎的眼泪,蒙娜丽莎的眼泪,0,0
26036832,林志炫,没离开过 (Live),没离开过,4,1
7087487,林志炫,单身情歌 (Live),单身情歌,1,1
26396561,林志炫,空,空,2,1
1024732,林志炫,离人,离人,6,1
55219,郑智化,水手,水手,5,1
158919,郑智化,星星点灯,星星点灯,11,1
322678,郑智化,游戏人间,游戏人间,4,1
491898150,郑智化,水手 (DJ阿洲版),水手 (DJ阿洲版),0,0
55210,郑智化,年轻时代,年轻时代,22,1
537744,郑智化,别哭，我最爱的人,别哭，我最爱的人,6,1
186628394,郑智化,星星点灯 (演唱会版),星星点灯 (演唱会版),0,0
30897654,郑智化,水手 (Live),水手,4,1
186628549,郑智化,水手 (演唱会版),水手 (演唱会版),0,0
388321887,郑智化,水手,水手,5,1
55199,郑智化,堕落天使,堕落天使,0,0
158918,郑智化,麻花辫子,麻花辫子,0,0
275067279,郑智化,水手 (Live),水手,5,1
397174985,郑智化,墮落天使,墮落天使,0,0
158921,郑智化,三十三块,三十三块,6,1
186628917,郑智化,别哭我最爱的人 (演唱会版),别哭我最爱的人 (演唱会版),0,0
158939,郑智化,你的生日,你的生日,1,1
224897014,郑智化,別哭我最愛的人,別哭我最愛的人,0,0
158929,郑智化,中产阶级,中产阶级,0,0
55200,郑智化,用我一辈子去忘记,用我一辈子去忘记,4,1
4179467,郑智化,生日快乐歌,生日快乐歌,4,1
158952,郑智化,我这样的男人,我这样的男人,8,1
17026060,郑智化,别哭，我最爱的人,别哭，我最爱的人,6,1
23547263,郑智化,单身逃亡,单身逃亡,0,0
45800867,容祖儿,挥着翅膀的女孩,挥着翅膀的女孩,0,0
228491562,容祖儿,就让这大雨全都落下,就让这大雨全都落下,3,1
249433,容祖儿,小小,小小,17,1
273391551,容祖儿,就让这大雨全都落下 (Live),就让这大雨全都落下,3,1
40495147,容祖儿,富士山下 (Live),富士山下,0,0
78746,容祖儿,习惯失恋,习惯失恋,0,0
78752,容祖儿,心淡,心淡,3,1
265867,容祖儿,没关系,没关系,7,1
13991642,容祖儿,挥着翅膀的女孩,挥着翅膀的女孩,0,0
26039464,容祖儿,挥着翅膀的女孩,挥着翅膀的女孩,0,0
13991650,容祖儿,没关系,没关系,7,1
78745,容祖儿,我的骄傲,我的骄傲,0,0
13991648,容祖儿,小小,小小,17,1
445910992,容祖儿,上海滩 (Live),上海滩,0,0
45854330,容祖儿,续集,续集,2,1
557547504,容祖儿,爱情讯息 (Live),爱情讯息,0,0
320590,容祖儿,怯,怯,3,1
447612373,容祖儿,中国人 (Live),中国人,3,1
388169039,容祖儿,嚣张 (Live),嚣张,3,1
3818432,容祖儿,烟霞,烟霞,4,1
160253386,容祖儿,爱得太迟 (Live),爱得太迟,2,1
449619298,容祖儿,分手总要在雨天 (Live),分手总要在雨天,0,0
206818,容祖儿,16号爱人,16号爱人,0,0
91729,容祖儿,世上只有,世上只有,0,0
56227227,李圣杰,痴心绝对,痴心绝对,1,1
7186051,李圣杰,手放开,手放开,6,1
51498167,李圣杰,痴心绝对,痴心绝对,1,1
133043,李圣杰,手放开,手放开,6,1
133046,李圣杰,最近,最近,4,1
51498923,李圣杰,你那么爱她,你那么爱她,6,1
327520,李圣杰,你那么爱她,你那么爱她,6,1
661416,李圣杰,痴心绝对 (Live),痴心绝对,1,1
133039,李圣杰,关于你的歌,关于你的歌,6,1
122959,李圣杰,你那么爱她,你那么爱她,6,1
309660,李圣杰,如果你爱他,如果你爱他,11,1
22829982,李圣杰,不顾一切的爱,不顾一切的爱,6,1
474834,李圣杰,关于你的歌,关于你的歌,6,1
22806361,李圣杰,手放开,手放开,6,1
474850,李圣杰,最近,最近,4,1
9856905,李圣杰,你那么爱她,你那么爱她,6,1
85452002,李圣杰,手放开 (Live),手放开,8,1
508795821,李圣杰,不勇敢,不勇敢,3,1
474833,李圣杰,痴心绝对 (Live),痴心绝对,1,1
100295,李圣杰,远走高飞,远走高飞,6,1
100292,李圣杰,我懂了她,我懂了她,6,1
216012,李圣杰,灰色地带,灰色地带,5,1
51498924,李圣杰,最近,最近,4,1
133035,李圣杰,眼底星空,眼底星空,5,1
59573,高胜美,千年等一回,千年等一回,8,1
1099415,高胜美,追梦人,追梦人,0,0
51572589,高胜美,心湖雨又风,心湖雨又风,2,1
22800197,高胜美,潇洒的走,潇洒的走,0,0
6674596,高胜美,午夜香吻 (Mix),午夜香吻 (Mix),0,0
329484,高胜美,彩云伴海鸥,彩云伴海鸥,3,1
329464,高胜美,情难枕,情难枕,0,0
19283654,高胜美,千年等一回,千年等一回,8,1
51511859,高胜美,青青河边草,青青河边草,13,1
329461,高胜美,千年等一回,千年等一回,8,1
251402256,高胜美,昨夜星辰,昨夜星辰,0,0
565046,高胜美,恋曲1990,恋曲1990,0,0
283151,高胜美,缘,缘,0,0
95375,高胜美,美酒加咖啡,美酒加咖啡,5,1
295475,高胜美,昨夜星辰,昨夜星辰,0,0
1099523,高胜美,青青河边草,青青河边草,13,1
28676144,高胜美,爱你在心口难开,爱你在心口难开,9,1
95332,高胜美,蝶儿蝶儿满天飞,蝶儿蝶儿满天飞,4,1
316463,高胜美,渡情,渡情,0,0
214934783,高胜美,哭砂,哭砂,0,0
51523574,高胜美,潇洒的走,潇洒的走,0,0
2022154,高胜美,冬恋,冬恋,0,0
4360071,高胜美,心湖雨又风,心湖雨又风,1,1
329468,高胜美,笑拥江山梦,笑拥江山梦,0,0
918410,高胜美,车站,车站,5,1
69991592,告五人,爱人错过,爱人错过,0,0
84522217,告五人,带我去找夜生活,带我去找夜生活,0,0
160584634,告五人,唯一,唯一,4,1
225785286,告五人,给你一瓶魔法药水,给你一瓶魔法药水,4,1
261872379,告五人,我想要占据你,我想要占据你,6,1
280699063,告五人,为爱痴狂 (Live),为爱痴狂,6,1
254997108,告五人,爱人错过,爱人错过,0,0
203006704,告五人,好不容易,好不容易,3,1
160584605,告五人,温蒂公主的侍卫,温蒂公主的侍卫,0,0
246920510,告五人,唯一 (Live),唯一,4,1
529586571,告五人,我想要占据你 (Live),我想要占据你,8,1
278825065,告五人,爱人错过 (Live),爱人错过,1,1
481798199,告五人,愈合,愈合,4,1
305460334,告五人,带我去找夜生活 (Live),带我去找夜生活,0,0
261872424,告五人,一念之间,一念之间,0,0
479651213,告五人,爱 (Live),爱,11,1
83728955,告五人,带我去找夜生活 - 健康版,带我去找夜生活 - 健康版,0,0
438266138,告五人,爱人错过 (2024 Sugar High 2.0世界巡回演唱会),爱人错过 (2024 Sugar High 2.0世界巡回演唱会),0,0
278825071,告五人,带我去找夜生活 (Live),带我去找夜生活,0,0
435067066,告五人,从未见过的海,从未见过的海,8,1
531262958,告五人,当蒲公英吹散远航,当蒲公英吹散远航,2,1
69991321,告五人,法兰西多士,法兰西多士,0,0
254998387,告五人,爱人错过 (MylOK Bootleg),爱人错过 (MylOK Bootleg),0,0
481798051,告五人,快乐的事记不起,快乐的事记不起,2,1
1024747,黎明,今夜你会不会来,今夜你会不会来,6,1
40510102,黎明,今夜你会不会来,今夜你会不会来,6,1
149561,黎明,相逢在雨中,相逢在雨中,0,0
1169130,黎明,今夜你会不会来,今夜你会不会来,6,1
1169364,黎明,夏日倾情,夏日倾情,0,0
4309985,黎明,今夜你会不会来,今夜你会不会来,6,1
149535,黎明,全日爱,全日爱,2,1
1169268,黎明,我的亲爱,我的亲爱,0,0
149534,黎明,越夜越有机,越夜越有机,3,1
633556,黎明,我等不到你,我等不到你,8,1
51571112,黎明,特别的歌给特别的你,特别的歌给特别的你,0,0
1184923,黎明,我这样爱你,我这样爱你,0,0
1190407,黎明,看上她,看上她,6,1
149397,黎明,深秋的黎明,深秋的黎明,3,1
1026427,黎明,夏日倾情,夏日倾情,0,0
226697833,黎明,两个人的烟火,两个人的烟火,0,0
1663680,黎明,相逢在雨中,相逢在雨中,0,0
149462,黎明,情难自控,情难自控,0,0
323027,黎明,眼睛想旅行,眼睛想旅行,10,1
45831468,黎明,相逢在雨中,相逢在雨中,0,0
149536,黎明,两位一体,两位一体,3,1
292782,黎明,Happy 2000 (Mandarin Version),Happy 2000 (Mandarin Version),0,0
1169266,黎明,相逢在雨中,相逢在雨中,0,0
5694721,黎明,两个人的烟火,两个人的烟火,0,0
3251026,林子祥,敢爱敢做,敢爱敢做,0,0
3248685,林子祥,数字人生,数字人生,0,0
78975,林子祥,男儿当自强,男儿当自强,2,1
55216442,林子祥,敢爱敢做,敢爱敢做,0,0
41219954,林子祥,谁能明白我,谁能明白我,1,1
5088073,林子祥,敢爱敢做,敢爱敢做,0,0
6908141,林子祥,敢爱敢做,敢爱敢做,0,0
3251030,林子祥,十分十二寸,十分十二寸,0,0
149249,林子祥,真的汉子,真的汉子,4,1
51573018,林子祥,男儿当自强,男儿当自强,2,1
51570640,林子祥,男儿当自强,男儿当自强,1,1
83823616,林子祥,男儿当自强 (完整版|DJ版),男儿当自强 (完整版|DJ版),0,0
3248578,林子祥,长路漫漫伴你闯,长路漫漫伴你闯,1,1
149312,林子祥,男儿当自強,男儿当自強,0,0
51386195,林子祥,男儿当自强,男儿当自强,2,1
3033473,林子祥,选择,选择,13,1
148288591,林子祥,选择,选择,13,1
626480,林子祥,爱到分离仍是爱,爱到分离仍是爱,2,1
396496,林子祥,乱世桃花,乱世桃花,0,0
505846,徐佳莹,一样的月光,一样的月光,6,1
505844,徐佳莹,身骑白马,身骑白马,3,1
158425533,徐佳莹,不舍（《斗罗大陆》动画片尾曲）,不舍（《斗罗大陆》动画片尾曲）,0,0
365197487,徐佳莹,如果可以 (Live),如果可以,5,1
25371880,徐佳莹,最初的记忆,最初的记忆,3,1
505845,徐佳莹,失落沙洲,失落沙洲,0,0
39706912,徐佳莹,到此为止,到此为止,6,1
24043956,徐佳莹,最初的记忆,最初的记忆,3,1
239324532,徐佳莹,行走的鱼,行走的鱼,0,0
44298661,徐佳莹,一爱难求,一爱难求,1,1
7241688,徐佳莹,不要再孤单,不要再孤单,6,1
473672513,徐佳莹,同花顺 (Live),同花顺,3,1
83282963,徐佳莹,被动 (Live),被动,6,1
6928582,徐佳莹,大雨将至,大雨将至,3,1
860092,徐佳莹,绿洲,绿洲,3,1
39706910,徐佳莹,言不由衷,言不由衷,3,1
368698680,徐佳莹,身骑白马 (Live),身骑白马,4,1
7024385,徐佳莹,不为谁而作的歌 (Live),不为谁而作的歌,2,1
6487360,徐佳莹,突然好想你,突然好想你,6,1
6848607,徐佳莹,失落沙洲 (Live),失落沙洲,0,0
6929990,徐佳莹,喜欢你 (Live),喜欢你,9,1
6883355,徐佳莹,不醉不会 (Live),不醉不会,0,0
158424118,徐佳莹,不舍（《斗罗大陆》动画片尾曲） (伴奏),不舍（《斗罗大陆》动画片尾曲）,0,0
6863819,徐佳莹,修炼爱情 (Live),修炼爱情,4,1
6985903,徐佳莹,浪费 (Live),浪费,5,1
79270,庾澄庆,春泥,春泥,0,0
155115,庾澄庆,让我一次爱个够,让我一次爱个够,11,1
626201,庾澄庆,情非得已,情非得已,4,1
856124,庾澄庆,情非得已,情非得已,4,1
626184,庾澄庆,春泥,春泥,0,0
40960827,庾澄庆,情非得已,情非得已,4,1
40144103,庾澄庆,让我一次爱个够,让我一次爱个够,11,1
626199,庾澄庆,命中注定,命中注定,2,1
531472235,庾澄庆,春泥 (Live),春泥,0,0
7105799,庾澄庆,情非得已,情非得已,4,1
4001150,庾澄庆,命中注定,命中注定,2,1
524162352,庾澄庆,气球 (Live),气球,11,1
3138015,庾澄庆,热情的沙漠,热情的沙漠,3,1
72742818,庾澄庆,龙的传人 (Live),龙的传人,6,1
601345863,庾澄庆,爱人啊！,爱人啊！,9,1
626204,庾澄庆,让我一次爱个够,让我一次爱个够,11,1
3105730,庾澄庆,热情的沙漠,热情的沙漠,3,1
533068265,庾澄庆,我相信 (Live),我相信,18,1
626206,庾澄庆,热情的沙漠,热情的沙漠,3,1
511353,庾澄庆,让我一次爱个够,让我一次爱个够,11,1
10541973,庾澄庆,用尽一生的爱 (单曲版),用尽一生的爱 (单曲版),0,0
257194263,庾澄庆,让我一次爱个够 (3D环绕版),让我一次爱个够 (3D环绕版),0,0
55617406,EXO,"Baby, Don't Cry (人鱼的眼泪)","Baby, Don't Cry (人鱼的眼泪)",0,0
10494677,EXO,Baby Don't Cry (人鱼的眼泪),Baby Don't Cry (人鱼的眼泪),0,0
38527316,EXO,"Baby, Don't Cry (인어의 눈물)","Baby, Don't Cry (인어의 눈물)",0,0
55890524,EXO,지나갈 테니 (Been Through),지나갈 테니 (Been Through),0,0
10708211,EXO,咆哮,咆哮,36,1
29361466,EXO,첫 눈,첫 눈,1,1
164917050,EXO,"Baby, Don't Cry (网友改编)","Baby, Don't Cry (网友改编)",0,0
6365643,EXO,CALL ME BABY,CALL ME BABY,30,1
6185552,EXO,History,History,3,1
5557697,EXO,咆哮 (Growl),咆哮 (Growl),0,0
63286789,EXO,Love Shot,Love Shot,9,1
430388839,EXO,MaMa (EXO-M Main Ver.),MaMa (EXO-M Main Ver.),0,0
30361234,EXO,으르렁 (Growl) (EXO-K Ver.),으르렁 (Growl) (EXO-K Ver.),0,0
19871260,EXO,初雪 (Chinese Ver.),初雪 (Chinese Ver.),0,0
4825862,EXO,咆哮 (Growl) (EXO-M Ver.),咆哮 (Growl) (EXO-M Ver.),0,0
4825866,EXO,Lucky (Chinese Ver.),Lucky (Chinese Ver.),0,0
38630657,EXO,"Baby, Don't Cry (인어의 눈물)","Baby, Don't Cry (인어의 눈물)",0,0
3693993,EXO,十二月的奇迹 (Miracles in December) (Chinese Ver.),十二月的奇迹 (Miracles in December) (Chinese Ver.),0,0
3385965,EXO,蝴蝶少女 (Don't Go),蝴蝶少女 (Don't Go),0,0
4825880,EXO,Lucky (Korean Ver.),Lucky (Korean Ver.),0,0
6185548,EXO,Baby Don't Cry,Baby Don't Cry,9,1
26453315,EXO,전야 (The Eve),전야 (The Eve),0,0
38963091,EXO,나비소녀 (Don't Go),나비소녀 (Don't Go),0,0
3432288,EXO,咆哮 (Live),咆哮,0,0
55930451,EXO,Monster (Korean Ver.),Monster (Korean Ver.),0,0
145489,黄品源,小薇,小薇,5,1
28795546,黄品源,你怎么舍得我难过,你怎么舍得我难过,6,1
145527,黄品源,你怎么舍得我难过,你怎么舍得我难过,6,1
220377,黄品源,你怎么舍得我难过,你怎么舍得我难过,6,1
58158,黄品源,海浪,海浪,4,1
220386,黄品源,小薇,小薇,5,1
22842678,黄品源,海浪,海浪,4,1
1034340,黄品源,那么爱你为什么,那么爱你为什么,4,1
145469,黄品源,你怎么舍得我难过,你怎么舍得我难过,6,1
22849049,黄品源,那么爱你为什么,那么爱你为什么,4,1
38043963,黄品源,你怎么舍得我难过,你怎么舍得我难过,6,1
145470,黄品源,海浪,海浪,4,1
22853087,黄品源,狠不下心,狠不下心,7,1
276071,黄品源,你怎么舍得我难过 (Live),你怎么舍得我难过,6,1
58168,黄品源,你怎么舍得我难过,你怎么舍得我难过,6,1
254458207,黄品源,失恋阵线联盟 (Live),失恋阵线联盟,0,0
145460,黄品源,小薇 (Live),小薇,5,1
145458,黄品源,海浪 (Live),海浪,3,1
1028176,黄品源,那么爱你为什么,那么爱你为什么,4,1
327469,黄品源,你怎么舍得我难过,你怎么舍得我难过,6,1
136775,黄品源,孤单爱情海,孤单爱情海,0,0
38042875,黄品源,小薇,小薇,5,1
19003873,郑中基,无赖,无赖,6,1
3179800,郑中基,你的眼睛背叛你的心,你的眼睛背叛你的心,0,0
129565,郑中基,无赖,无赖,6,1
158232,郑中基,左右为难,左右为难,0,0
512846,郑中基,答应不爱你,答应不爱你,0,0
157526,郑中基,绝口不提！爱你,绝口不提！爱你,0,0
129580,郑中基,你的眼睛背叛你的心,你的眼睛背叛你的心,0,0
406922,郑中基,无赖,无赖,6,1
3192383,郑中基,答应不爱你,答应不爱你,0,0
217308,郑中基,戒情人,戒情人,2,1
113958,郑中基,爱是最大权利,爱是最大权利,3,1
63567360,郑中基,无赖,无赖,6,1
6944525,郑中基,你的眼睛背叛你的心,你的眼睛背叛你的心,0,0
63011410,郑中基,答应不爱你,答应不爱你,0,0
135460,郑中基,别爱我,别爱我,6,1
63011421,郑中基,你的眼睛背叛你的心,你的眼睛背叛你的心,0,0
339205364,郑中基,无赖,无赖,6,1
295053,郑中基,甲乙丙丁,甲乙丙丁,5,1
77677,郑中基,左右为难,左右为难,0,0
406915,郑中基,绝口不提! 爱你,绝口不提! 爱你,0,0
6953276,郑中基,英雄寞,英雄寞,0,0
551465,Michael Jackson,Beat It,Beat It,60,1
531731,Michael Jackson,Billie Jean,Billie Jean,26,1
57942955,Michael Jackson,We Are the World (Demo),We Are the World,7,1
1024016,Michael Jackson,You Are Not Alone,You Are Not Alone,16,1
61316,Michael Jackson,Heal The World,Heal The World,6,1
291105,Michael Jackson,Smooth Criminal,Smooth Criminal,2,1
6698934,Michael Jackson,Dangerous,Dangerous,17,1
75456,Michael Jackson,Bad,Bad,49,1
489380481,Michael Jackson,We Are The World (Demo),We Are The World,7,1
66101,Michael Jackson,You Are Not Alone,You Are Not Alone,16,1
75461,Michael Jackson,Thriller,Thriller,33,1
26110997,Michael Jackson,Billie Jean,Billie Jean,26,1
4132601,Michael Jackson,Earth Song,Earth Song,0,0
405505,Michael Jackson,Beat It (网友改编),Beat It (网友改编),0,0
61314,Michael Jackson,Dangerous,Dangerous,17,1
61312,Michael Jackson,Jam,Jam,62,1
38650275,Michael Jackson,Beat It (Single Version),Beat It (Single Version),0,0
82378,Michael Jackson,You Are Not Alone (Radio Edit),You Are Not Alone (Radio Edit),0,0
82388,Michael Jackson,Billie Jean,Billie Jean,26,1
1028567,Michael Jackson,Black Or White,Black Or White,5,1
74292,Michael Jackson,Man In The Mirror,Man In The Mirror,9,1
440914636,Michael Jackson,Off the Wall (Live),Off the Wall,6,1
39580599,Michael Jackson,They Don't Care About us,They Don't Care About us,0,0
145589655,Michael Jackson,Beat It (1997 历史巡演德国慕尼黑站),Beat It (1997 历史巡演德国慕尼黑站),0,0
334699,Michael Jackson,Beat It,Beat It,60,1
3200042,梅艳芳,夕阳之歌,夕阳之歌,0,0
166900,梅艳芳,亲密爱人,亲密爱人,0,0
166910,梅艳芳,一生爱你千百回,一生爱你千百回,4,1
325799,梅艳芳,女人花,女人花,6,1
325804,梅艳芳,一生爱你千百回,一生爱你千百回,4,1
85050,梅艳芳,似是故人来,似是故人来,2,1
41224562,梅艳芳,女人花,女人花,6,1
27895222,梅艳芳,女人花 (Live),女人花,6,1
166909,梅艳芳,女人花,女人花,6,1
157728,梅艳芳,相爱很难,相爱很难,2,1
207875,梅艳芳,夕阳之歌,夕阳之歌,0,0
89215,梅艳芳,相爱很难,相爱很难,2,1
149033,梅艳芳,别说爱情苦,别说爱情苦,6,1
1031345,梅艳芳,梦幻的拥抱,梦幻的拥抱,0,0
465264,梅艳芳,"似是故人来 (电影 ""双镯"" 主题曲)","似是故人来 (电影 ""双镯"" 主题曲)",0,0
2223088,梅艳芳,一生为你痴,一生为你痴,0,0
3200307,梅艳芳,亲密爱人,亲密爱人,0,0
328825,梅艳芳,胭脂扣,胭脂扣,0,0
167019,梅艳芳,夕阳之歌,夕阳之歌,0,0
330191,梅艳芳,梦伴,梦伴,0,0
513849,梅艳芳,耶利亚,耶利亚,30,1
38044677,梅艳芳,相爱很难,相爱很难,2,1
199974363,梅艳芳,夕阳之歌 (live),夕阳之歌,0,0
330184,梅艳芳,不了情,不了情,2,1
237827,罗文,铁血丹心 ,铁血丹心,0,0
3205111,罗文,黄昏,黄昏,5,1
645533,罗文,世间始终你好 ,世间始终你好,3,1
377222672,罗文,黄昏 (网友改编),黄昏 (网友改编),0,0
265788,罗文,几许风雨,几许风雨,1,1
992869,罗文,一生有意义 ,一生有意义,0,0
312434,罗文,黄昏,黄昏,6,1
244789883,罗文,铁血丹心,铁血丹心,0,0
7076822,罗文,铁血丹心,铁血丹心,0,0
28689940,罗文,沧海一声笑,沧海一声笑,3,1
40914949,罗文,尘缘,尘缘,1,1
30360576,罗文,尘缘,尘缘,1,1
7077550,罗文,铁血丹心,铁血丹心,0,0
847849,罗文,江湖路,江湖路,0,0
141736188,罗文,小李飞刀,小李飞刀,0,0
39591563,罗文,世间始终你好,世间始终你好,3,1
39106748,罗文,几许风雨,几许风雨,1,1
475330874,罗文,黄昏 (DJ 阿若版),黄昏 (DJ 阿若版),0,0
302821405,罗文,世间始终你好,世间始终你好,3,1
40914933,罗文,几许风雨,几许风雨,3,1
283126314,罗文,一生有意义,一生有意义,0,0
374499645,罗文,尘缘 (Single Version),尘缘 (Single Version),0,0
51419104,罗文,铁血丹心,铁血丹心,0,0
51575628,罗文,铁血丹心 (Live),铁血丹心,0,0
239065,罗文,桃花开 ,桃花开,3,1
493644421,草帽酱,青衣 (DJ阿泽版),青衣 (DJ阿泽版),0,0
165884773,草帽酱,青衣,青衣,1,1
597506431,草帽酱,古风2026,古风2026,0,0
269453559,草帽酱,关山酒,关山酒,0,0
166465318,草帽酱,青衣 (片段),青衣 (片段),0,0
387065388,草帽酱,青衣 (0.85xDJ版),青衣 (0.85xDJ版),0,0
559541942,草帽酱,春庭雪,春庭雪,2,1
490090467,草帽酱,凉夜横塘 (DJ细霖版),凉夜横塘 (DJ细霖版),0,0
501795143,草帽酱,佛前愿 (节奏版),佛前愿 (节奏版),0,0
217866927,草帽酱,壹一,壹一,0,0
501791275,草帽酱,佛前愿,佛前愿,0,0
532857677,草帽酱,凉夜横塘 (0.8x降调版),凉夜横塘 (0.8x降调版),0,0
327635698,草帽酱,关山酒 (1.1加速版),关山酒 (1.1加速版),0,0
395820378,草帽酱,青衣 (卡点DJ版),青衣 (卡点DJ版),1,1
498879040,草帽酱,风催雨2025 (DJ阿泽版),风催雨2025 (DJ阿泽版),0,0
584482649,草帽酱,拜无忧 (dj不拜天地浩荡河山永蔚),拜无忧 (dj不拜天地浩荡河山永蔚),0,0
502297139,草帽酱,佛前愿 (卡点版),佛前愿 (卡点版),0,0
514807699,草帽酱,拜无忧 (dj今宵我非殿上那个谁),拜无忧 (dj今宵我非殿上那个谁),0,0
167916428,草帽酱,青衣 (DJ阿卓版),青衣 (DJ阿卓版),0,0
611894041,草帽酱,春庭雪（我心匪石不可转）,春庭雪（我心匪石不可转）,0,0
559990180,草帽酱,春庭雪 (人声弱化版),春庭雪 (人声弱化版),0,0
72950376,草帽酱,拜无忧   典狱司   弱水三千   不染   长安忆   步戏   赤伶 (Live),拜无忧   典狱司   弱水三千   不染   长安忆   步戏   赤伶,0,0
501973109,草帽酱,拜无忧 (今宵我非殿上那个谁),拜无忧 (今宵我非殿上那个谁),0,0
611826621,草帽酱,古风2026 (律动版),古风2026 (律动版),0,0
331674860,草帽酱,青衣 (45秒片段),青衣 (45秒片段),0,0
150804647,小乐哥（王唯乐）,执迷不悟 (DJ版),执迷不悟 (DJ版),1,1
149335244,小乐哥（王唯乐）,执迷不悟,执迷不悟,8,1
153214026,小乐哥（王唯乐）,慢慢,慢慢,38,1
215017183,小乐哥（王唯乐）,不甘 (DJ阿卓版),不甘 (DJ阿卓版),1,1
214250353,小乐哥（王唯乐）,不甘,不甘,3,1
246258701,小乐哥（王唯乐）,不甘,不甘,3,1
154083898,小乐哥（王唯乐）,慢慢 (DJ名龙版),慢慢 (DJ名龙版),0,0
194025443,小乐哥（王唯乐）,高攀,高攀,8,1
390912150,小乐哥（王唯乐）,执迷不悟 (DJ阿布版),执迷不悟 (DJ阿布版),1,1
93178606,小乐哥（王唯乐）,失去联络,失去联络,5,1
141657638,小乐哥（王唯乐）,收敛,收敛,4,1
165880627,小乐哥（王唯乐）,终于等到这一句,终于等到这一句,1,1
188167746,小乐哥（王唯乐）,山水不相逢,山水不相逢,1,1
150805291,小乐哥（王唯乐）,执迷不悟 (DJ名龙版),执迷不悟 (DJ名龙版),1,1
244622844,小乐哥（王唯乐）,执迷不悟 (DJ版)(0.8倍速),执迷不悟 (DJ版)(0.8倍速),1,1
488472374,小乐哥（王唯乐）,慢慢2.0,慢慢2.0,0,0
302203018,小乐哥（王唯乐）,执迷不悟,执迷不悟,7,1
194107134,小乐哥（王唯乐）,高攀 (DJ楠哈哈版),高攀 (DJ楠哈哈版),1,1
556844247,小乐哥（王唯乐）,琵琶曲,琵琶曲,4,1
191595705,小乐哥（王唯乐）,浪漫至死不渝,浪漫至死不渝,7,1
246252294,小乐哥（王唯乐）,不甘 (DJ版),不甘 (DJ版),0,0
276715130,小乐哥（王唯乐）,字字句句 (男声版),字字句句 (男声版),0,0
178255575,小乐哥（王唯乐）,顽疾,顽疾,2,1
317533960,小乐哥（王唯乐）,慢慢,慢慢,13,1
147814251,小乐哥（王唯乐）,收敛,收敛,3,1
59303,迪克牛仔,有多少爱可以重来,有多少爱可以重来,6,1
255912,迪克牛仔,风飞沙,风飞沙,7,1
255898,迪克牛仔,放手去爱,放手去爱,6,1
313033,迪克牛仔,三万英尺,三万英尺,6,1
217203,迪克牛仔,我这个你不爱的人,我这个你不爱的人,6,1
51385213,迪克牛仔,三万英尺,三万英尺,6,1
51573072,迪克牛仔,爱我的人和我爱的人,爱我的人和我爱的人,0,0
76617,迪克牛仔,梦醒时分,梦醒时分,3,1
51575877,迪克牛仔,值得,值得,12,1
217205,迪克牛仔,爱无罪,爱无罪,6,1
90175,迪克牛仔,有多少爱可以重来,有多少爱可以重来,6,1
865432,迪克牛仔,天空总是那么黑,天空总是那么黑,8,1
217206,迪克牛仔,第一号伤心人,第一号伤心人,6,1
51417034,迪克牛仔,水手,水手,6,1
76623,迪克牛仔,你知道我在等你吗,你知道我在等你吗,6,1
6628344,迪克牛仔,四海,四海,8,1
76628,迪克牛仔,原来你什么都不要,原来你什么都不要,0,0
51449478,迪克牛仔,有多少爱可以重来 (Live),有多少爱可以重来,6,1
51417033,迪克牛仔,忘记我还是忘记他,忘记我还是忘记他,6,1
76621,迪克牛仔,有多少爱可以重来,有多少爱可以重来,6,1
22802877,迪克牛仔,爱无罪,爱无罪,12,1
299961544,迪克牛仔,有多少爱可以重来,有多少爱可以重来,6,1
57634,迪克牛仔,最后一首歌,最后一首歌,6,1
644850,迪克牛仔,哭不出来,哭不出来,3,1
165923393,队长,哪里都是你,哪里都是你,1,1
204930194,队长,11,11,0,0
314931169,队长,碎碎念,碎碎念,0,0
177466400,队长,楼顶上的小斑鸠,楼顶上的小斑鸠,0,0
233668622,队长,NUNA,NUNA,11,1
68959988,队长,哪里都是你2.0,哪里都是你2.0,0,0
238605530,队长,NUNA 2.0,NUNA 2.0,0,0
337288870,队长,哪里都是你・2024,哪里都是你・2024,0,0
473535833,队长,一天,一天,7,1
177466269,队长,可能,可能,8,1
572034758,队长,一天,一天,7,1
572033528,队长,同和,同和,0,0
146198895,队长,Let Go,Let Go,24,1
91965944,队长,Falling Down,Falling Down,11,1
177466224,队长,明天,明天,3,1
255870288,队长,LOVE,LOVE,1,1
218488381,队长,11 (网友改编),11 (网友改编),0,0
337288862,队长,Let Go・2024,Let Go・2024,0,0
348196346,队长,影子,影子,0,0
265670651,队长,一定会再见吧,一定会再见吧,6,1
445932199,队长,11 (Live),11,0,0
394231405,队长,炊烟,炊烟,10,1
475833471,队长,微光,微光,4,1
68850798,队长,夜行,夜行,1,1
572034669,队长,第三个人称,第三个人称,2,1
51384500,Richard Clayderman,梦中的婚礼,梦中的婚礼,0,0
28697867,Richard Clayderman,蓝色的爱,蓝色的爱,0,0
28681190,Richard Clayderman,献给爱丽丝,献给爱丽丝,0,0
545713,Richard Clayderman,梦中的婚礼,梦中的婚礼,1,1
6246939,Richard Clayderman,瓦妮莎的微笑,瓦妮莎的微笑,1,1
28719766,Richard Clayderman,A Comme Amour (秋日的私语) (纯音乐),A Comme Amour (秋日的私语),0,0
6316593,Richard Clayderman,梦中的婚礼(Mariage D'amour 伴奏版),梦中的婚礼,0,0
877591,Richard Clayderman,梁祝 (钢琴),梁祝 (钢琴),0,0
297279,Richard Clayderman,水边的阿狄丽娜(Ballade Four Adeline),水边的阿狄丽娜(Ballade Four Adeline),1,1
545715,Richard Clayderman,秋日的私语,秋日的私语,0,0
28697726,Richard Clayderman,爱的协奏曲 (纯音乐),爱的协奏曲,3,1
27885682,Richard Clayderman,爱的纪念,爱的纪念,1,1
51387051,Richard Clayderman,Scar,Scar,0,0
51384047,Richard Clayderman,绿袖子,绿袖子,0,0
104595,阿桑,一直很安静,一直很安静,5,1
27102831,阿桑,一直很安静,一直很安静,5,1
104599,阿桑,寂寞在唱歌,寂寞在唱歌,7,1
82425,阿桑,温柔的慈悲,温柔的慈悲,6,1
42657114,阿桑,叶子,叶子,4,1
82424,阿桑,受了点伤,受了点伤,2,1
6685614,阿桑,一直很安静,一直很安静,5,1
44409838,阿桑,野百合也有春天,野百合也有春天,3,1
272201695,阿桑,一直很安静 (闳识孤怀变速版),一直很安静 (闳识孤怀变速版),0,0
20676233,阿桑,寂寞在唱歌,寂寞在唱歌,7,1
42511443,阿桑,叶子,叶子,4,1
22811106,阿桑,你要离开的一些时候,你要离开的一些时候,0,0
272200619,阿桑,一直很安静 (Live),一直很安静,5,1
104592,阿桑,被动,被动,9,1
82419,阿桑,看透,看透,0,0
82423,阿桑,我不想,我不想,6,1
272206959,阿桑,一直很安静 (JZ0.9X版),一直很安静 (JZ0.9X版),0,0
269467505,阿桑,一直很安静 (降调版|网友改编),一直很安静 (降调版|网友改编),0,0
104598,阿桑,开车,开车,4,1
104596,阿桑,保管,保管,4,1
82427,阿桑,叶子 (秋天版),叶子 (秋天版),0,0
82422,阿桑,如果爱你只有这一次,如果爱你只有这一次,1,1
104593,阿桑,Angel,Angel,5,1
541724166,周慧敏,歌曲：立春,歌曲：立春,0,0
608526,周慧敏,最爱,最爱,1,1
22846325,周慧敏,痴心换情深,痴心换情深,0,0
1294423,周慧敏,痴心换情深,痴心换情深,0,0
131531,周慧敏,痴心换情深,痴心换情深,0,0
6946813,周慧敏,最爱,最爱,1,1
239748,周慧敏, 自作多情,自作多情,2,1
40960583,周慧敏,天荒爱未老,天荒爱未老,7,1
160651906,周慧敏,最爱,最爱,0,0
142366610,周慧敏,红颜知己 (DJ阿荣版),红颜知己 (DJ阿荣版),0,0
616747,周慧敏,爱得太迟,爱得太迟,2,1
3190909,周慧敏,痴心换情深,痴心换情深,0,0
25261421,周慧敏,最爱 (Piano Version),最爱 (Piano Version),0,0
27158050,周慧敏,痴心换情深,痴心换情深,0,0
1231085,周慧敏,失眠,失眠,2,1
240940464,周慧敏,红颜知己,红颜知己,0,0
239892,周慧敏,最爱,最爱,1,1
4076586,周慧敏,自作多情,自作多情,2,1
12875840,周慧敏,最爱,最爱,1,1
45819139,周慧敏,情未了,情未了,8,1
11469343,周慧敏,天荒爱未老,天荒爱未老,7,1
39511269,周慧敏,情未了,情未了,8,1
129654,周慧敏,台下女主角,台下女主角,0,0
24041001,周慧敏,痴心换情深,痴心换情深,0,0
573981948,伯爵Johnny,西厢寻他 (架子鼓版),西厢寻他 (架子鼓版),0,0
268363141,伯爵Johnny,良人归 (我苦等的良人),良人归 (我苦等的良人),0,0
206964137,伯爵Johnny,西厢寻他 (DJ阿远版),西厢寻他 (DJ阿远版),0,0
491551621,伯爵Johnny,伯虎说DJ (remix),伯虎说DJ,0,0
497926748,伯爵Johnny,伯虎说 (卡点版),伯虎说 (卡点版),1,1
491551592,伯爵Johnny,伯虎说DJ (remix0.9),伯虎说DJ,0,0
491551588,伯爵Johnny,伯虎说DJ (纯享版),伯虎说DJ (纯享版),0,0
274678913,伯爵Johnny,红灯戏,红灯戏,0,0
284147471,伯爵Johnny,伯虎说 (无 rap 版),伯虎说 (无 rap 版),0,0
489899587,伯爵Johnny,伯虎说 (DJ变速版),伯虎说 (DJ变速版),0,0
496597039,伯爵Johnny,伯虎说 (左右环绕版),伯虎说 (左右环绕版),0,0
489899619,伯爵Johnny,伯虎说 (柠檬叉摇),伯虎说 (柠檬叉摇),0,0
161204989,伯爵Johnny,寸步心上,寸步心上,3,1
501974754,伯爵Johnny,伯虎说 (停顿版),伯虎说 (停顿版),0,0
489883297,伯爵Johnny,伯虎说 (动感版),伯虎说 (动感版),0,0
24154948,Lady Gaga,The Cure,The Cure,11,1
55281347,Lady Gaga,Always Remember Us This Way,Always Remember Us This Way,5,1
3536269,Lady Gaga,Poker Face,Poker Face,20,1
145240996,Lady Gaga,Telephone,Telephone,14,1
58926788,Lady Gaga,Always Remember Us This Way,Always Remember Us This Way,5,1
25279724,Lady Gaga,Poker Face,Poker Face,20,1
403397,Lady Gaga,Poker Face (Live),Poker Face,20,1
1457907,Lady Gaga,Bad Romance,Bad Romance,29,1
478338,Lady Gaga,Just Dance,Just Dance,18,1
454602076,Lady Gaga,Abracadabra,Abracadabra,25,1
40370009,Lady Gaga,Poker Face,Poker Face,20,1
190548790,Lady Gaga,Sour Candy (Shygirl & Mura Masa Remix),Sour Candy,23,1
3479176,Lady Gaga,Bloody Mary,Bloody Mary,3,1
58919659,Lady Gaga,Always Remember Us This Way,Always Remember Us This Way,5,1
145241078,Lady Gaga,Bad Romance,Bad Romance,29,1
145245616,Lady Gaga,Poker Face,Poker Face,20,1
257244674,Lady Gaga,Always Remember Us This Way(Complete version originally performed by Lady Gaga) (Complete version originally performed by Lady Gaga),Always Remember Us This Way(Complete version originally performed by Lady Gaga) (Complete version originally performed by Lady Gaga),0,0
141417010,Lady Gaga,Sour Candy,Sour Candy,14,1
3524062,Lady Gaga,Poker Face,Poker Face,20,1
5270004,Lady Gaga,Bloody Mary,Bloody Mary,3,1
406017635,Lady Gaga,Die With A Smile,Die With A Smile,3,1
75480028,Lady Gaga,Telephone,Telephone,14,1
140936291,Lady Gaga,Rain On Me,Rain On Me,25,1
191431277,Lady Gaga,Poker Face (Explicit),Poker Face (Explicit),0,0
3527051,Lady Gaga,Telephone (w/o Beyonce),Telephone (w/o Beyonce),0,0
